AA,Codon,Mean,Std.Dev,2.5%,97.5%
A,GCA,-0.512505195721984,0.0170794283842899,-0.545887771745523,-0.479592174291611
A,GCC,-1.084264584589,0.0210310244546964,-1.12453677554925,-1.0432208776474
A,GCG,-1.25448072574139,0.0190002043940285,-1.29003692169984,-1.21692688067754
A,GCT,0,0,0,0
C,TGC,-0.172798696408421,0.0310008464128866,-0.231836489091317,-0.111427460052073
C,TGT,0,0,0,0
D,GAC,0.809468897849321,0.0179271817228341,0.774732243021329,0.844721066951752
D,GAT,0,0,0,0
E,GAA,-0.574094652420282,0.0158147337267684,-0.603931520382563,-0.542757046222687
E,GAG,0,0,0,0
F,TTC,0.853432240045071,0.0274970354167641,0.800602113207181,0.906398594379425
F,TTT,0,0,0,0
G,GGA,0.275051897889376,0.0412457818408314,0.196454696481427,0.352765768766403
G,GGC,-0.421357660546899,0.0141204756154497,-0.450129101673762,-0.394547567764918
G,GGG,0.0518671226246457,0.0316280943332421,-0.0137604413554072,0.108850249648094
G,GGT,0,0,0,0
H,CAC,0.752786582142115,0.028277735436719,0.698764516909917,0.808502386013667
H,CAT,0,0,0,0
I,ATA,1.54606333804131,0.0490434940995488,1.44197226266066,1.63282692432404
I,ATC,0.536703693303466,0.0189462455317183,0.500608116885026,0.573578774929047
I,ATT,0,0,0,0
K,AAA,-1.1006130369544,0.0180819702863439,-1.13577115535736,-1.06534192860127
K,AAG,0,0,0,0
L,CTA,1.14993568857908,0.0361367949625459,1.07708871364594,1.22070503234863
L,CTC,0.469312310084701,0.0226029520488207,0.426697864631812,0.514678652087847
L,CTG,-0.813572234940529,0.024266607259528,-0.859747291604678,-0.765275374054909
L,CTT,0.421809142577648,0.0225465681806253,0.379894405603409,0.467875428249439
L,TTA,-0.0387922654028172,0.022996816269573,-0.0806259736418724,0.00646841432899237
L,TTG,0,0,0,0
N,AAC,0.317634885805845,0.0289644650324888,0.26224410533905,0.375491153697173
N,AAT,0,0,0,0
P,CCA,-0.139151685397699,0.0285291367532462,-0.193690618748466,-0.0821984649946293
P,CCC,-0.429899115550518,0.037587262293601,-0.504430335263411,-0.356021396319072
P,CCG,-1.0068740157485,0.0272239049139757,-1.05848220785459,-0.952163965503375
P,CCT,0,0,0,0
Q,CAA,0.340367682504654,0.020691320540276,0.299443155527115,0.379830270508925
Q,CAG,0,0,0,0
R,AGA,1.69573792117834,0.0697623242304091,1.55523633956909,1.82718820571899
R,AGG,1.92378833249807,0.076590301165175,1.77600635786851,2.08197974761327
R,CGA,0.71013644490838,0.0536857025418714,0.60321796387434,0.799079825480779
R,CGC,-0.405553207588196,0.0177113023417558,-0.440544456243515,-0.371449229369561
R,CGG,0.0906426747934149,0.0577753794342835,-0.0159814963738124,0.187359506015976
R,CGT,0,0,0,0
S,TCA,-0.46065607239902,0.0385762540431412,-0.53726549098889,-0.38739158064127
S,TCC,-0.23966586690098,0.0243002021687495,-0.286622989426057,-0.192282318199674
S,TCG,-0.87355043206811,0.0348450447874712,-0.943255211909612,-0.80821461925904
S,TCT,0,0,0,0
T,ACA,-0.375897648185492,0.0383630559766235,-0.449632179985444,-0.30219504237175
T,ACC,-1.27982814385891,0.0191773207498567,-1.31850409507751,-1.24302332699299
T,ACG,-1.23600767163038,0.029734201517949,-1.29463315010071,-1.18006407817205
T,ACT,0,0,0,0
V,GTA,0.429300295755267,0.0190936074537852,0.392003744840622,0.467430356393258
V,GTC,-0.326817579236627,0.0230073445788619,-0.372719208647807,-0.283428966999054
V,GTG,-0.832604609912634,0.0189271557569566,-0.870685512324174,-0.797307902574539
V,GTT,0,0,0,0
Y,TAC,0.590746228539944,0.0236922289847003,0.54535849293073,0.638839900493622
Y,TAT,0,0,0,0
Z,AGC,-0.28914359087944,0.0289936108547575,-0.343958650529385,-0.231990545118849
Z,AGT,0,0,0,0
