Gene	Cluster
b0001	1
b0003	2
b0004	2
b0005	2
b0007	2
b0009	2
b0010	1
b0011	2
b0013	2
b0015	1
b0016	3
b0018	3
b0019	2
b0020	2
b0021	2
b0022	2
b0023	1
b0024	3
b0025	2
b0026	1
b0027	1
b0030	2
b0031	2
b0032	1
b0033	1
b0034	3
b0035	2
b0036	1
b0037	2
b0039	1
b0040	1
b0041	1
b0042	1
b0043	1
b0044	1
b0045	2
b0046	2
b0047	2
b0049	2
b0050	2
b0051	2
b0052	2
b0054	1
b0055	2
b0058	2
b0059	1
b0060	2
b0061	1
b0062	1
b0063	1
b0065	2
b0066	2
b0067	2
b0068	1
b0069	2
b0071	1
b0072	1
b0073	1
b0074	1
b0075	3
b0080	2
b0081	2
b0082	1
b0083	2
b0084	1
b0086	1
b0087	1
b0089	2
b0090	2
b0091	1
b0092	2
b0093	2
b0094	2
b0095	1
b0096	1
b0097	2
b0098	1
b0101	2
b0102	2
b0103	2
b0104	1
b0106	2
b0107	2
b0108	2
b0109	2
b0110	2
b0111	2
b0112	1
b0113	2
b0114	1
b0115	1
b0116	1
b0117	2
b0118	1
b0119	2
b0120	1
b0121	1
b0122	2
b0124	1
b0125	1
b0126	1
b0127	2
b0128	1
b0129	2
b0130	2
b0132	2
b0133	1
b0135	3
b0136	3
b0137	3
b0138	3
b0139	3
b0141	1
b0143	1
b0145	1
b0146	3
b0147	2
b0148	2
b0149	1
b0150	1
b0151	2
b0152	2
b0153	2
b0154	1
b0155	2
b0156	1
b0157	2
b0159	1
b0160	2
b0161	1
b0162	2
b0163	1
b0164	2
b0166	1
b0167	2
b0168	1
b0169	1
b0170	1
b0171	1
b0172	1
b0173	2
b0175	2
b0177	1
b0178	1
b0179	1
b0180	1
b0182	2
b0183	2
b0184	1
b0185	1
b0186	2
b0187	2
b0188	2
b0189	2
b0190	2
b0191	2
b0192	2
b0193	3
b0194	1
b0195	2
b0196	2
b0198	1
b0199	1
b0207	1
b0208	3
b0209	2
b0210	3
b0211	2
b0213	3
b0217	3
b0219	2
b0220	2
b0221	1
b0222	1
b0223	2
b0224	1
b0227	2
b0228	3
b0232	3
b0233	3
b0234	3
b0237	1
b0238	1
b0239	2
b0241	1
b0242	1
b0243	1
b0245	3
b0246	2
b0247	2
b0248	2
b0249	2
b0250	1
b0251	2
b0252	2
b0253	2
b0254	3
b0256	3
b0259	2
b0260	2
b0262	2
b0264	2
b0265	1
b0267	2
b0268	1
b0269	1
b0270	1
b0271	1
b0272	2
b0273	1
b0274	2
b0275	1
b0277	3
b0278	3
b0279	3
b0280	3
b0281	3
b0283	2
b0287	3
b0288	3
b0289	2
b0290	2
b0291	2
b0292	2
b0293	1
b0294	3
b0295	3
b0296	3
b0298	2
b0299	2
b0301	3
b0303	3
b0304	3
b0305	3
b0306	2
b0307	2
b0308	2
b0310	3
b0311	1
b0312	1
b0313	2
b0314	2
b0316	2
b0317	2
b0318	3
b0319	3
b0320	2
b0321	1
b0323	2
b0324	1
b0326	3
b0327	3
b0328	3
b0329	3
b0330	2
b0333	1
b0334	1
b0335	2
b0336	1
b0338	2
b0339	2
b0341	2
b0342	3
b0343	1
b0344	2
b0345	2
b0346	2
b0347	2
b0348	2
b0349	1
b0350	2
b0351	1
b0352	1
b0353	2
b0354	2
b0355	2
b0356	1
b0357	2
b0358	2
b0360	2
b0361	2
b0363	2
b0364	3
b0366	2
b0367	2
b0369	1
b0372	2
b0373	2
b0375	3
b0376	2
b0377	1
b0378	2
b0379	2
b0380	2
b0381	1
b0382	2
b0384	3
b0385	2
b0386	1
b0387	2
b0388	2
b0389	3
b0390	2
b0391	2
b0393	1
b0394	2
b0396	2
b0397	2
b0398	2
b0400	2
b0401	1
b0402	1
b0403	2
b0404	2
b0405	1
b0406	1
b0407	1
b0408	1
b0409	1
b0410	1
b0411	1
b0412	3
b0413	1
b0414	2
b0415	1
b0417	2
b0418	2
b0419	2
b0420	1
b0421	2
b0422	2
b0423	1
b0425	2
b0426	1
b0427	2
b0428	1
b0429	1
b0430	1
b0431	1
b0432	1
b0433	2
b0434	1
b0435	3
b0436	1
b0437	2
b0439	1
b0441	1
b0442	2
b0443	2
b0444	2
b0445	2
b0446	2
b0447	1
b0448	2
b0449	2
b0450	1
b0452	2
b0453	1
b0454	2
b0456	2
b0457	2
b0458	1
b0460	3
b0461	3
b0463	1
b0464	3
b0465	2
b0466	2
b0467	2
b0468	2
b0469	1
b0470	2
b0471	1
b0472	2
b0475	2
b0479	2
b0481	1
b0482	2
b0483	3
b0484	2
b0486	2
b0487	2
b0488	2
b0489	1
b0490	3
b0491	2
b0493	2
b0495	2
b0496	2
b0497	2
b0498	3
b0503	2
b0504	2
b0505	2
b0506	2
b0507	1
b0508	2
b0509	1
b0511	2
b0512	1
b0513	2
b0514	2
b0515	1
b0516	2
b0517	2
b0518	2
b0520	2
b0521	2
b0524	2
b0525	1
b0526	1
b0527	2
b0528	1
b0529	1
b0530	3
b0531	3
b0532	3
b0533	3
b0534	3
b0535	3
b0537	3
b0540	2
b0541	2
b0543	3
b0544	3
b0545	3
b0546	3
b0547	1
b0548	3
b0549	3
b0551	3
b0552	2
b0554	3
b0555	3
b0556	3
b0557	3
b0558	3
b0559	3
b0560	2
b0564	3
b0565	3
b0566	2
b0567	2
b0568	2
b0569	2
b0570	2
b0571	2
b0572	2
b0574	2
b0575	2
b0576	1
b0577	2
b0579	2
b0580	2
b0581	2
b0582	3
b0583	3
b0584	1
b0585	2
b0586	2
b0587	3
b0588	2
b0589	2
b0590	2
b0591	2
b0592	2
b0593	2
b0594	2
b0595	2
b0596	2
b0597	2
b0598	1
b0599	2
b0600	2
b0601	2
b0602	3
b0603	3
b0605	1
b0606	1
b0607	2
b0608	2
b0610	1
b0612	1
b0613	2
b0614	2
b0615	1
b0616	1
b0617	2
b0618	2
b0619	2
b0620	2
b0621	1
b0623	1
b0624	3
b0627	1
b0628	1
b0629	3
b0630	3
b0631	1
b0633	2
b0634	2
b0635	1
b0637	1
b0638	2
b0639	2
b0640	2
b0641	1
b0642	1
b0643	2
b0644	3
b0645	3
b0646	3
b0647	3
b0648	3
b0649	3
b0650	2
b0652	1
b0653	2
b0654	2
b0655	1
b0656	2
b0657	1
b0659	2
b0660	1
b0661	1
b0662	2
b0674	1
b0675	1
b0676	1
b0677	1
b0678	1
b0679	1
b0680	1
b0681	1
b0682	2
b0684	1
b0685	2
b0687	2
b0688	1
b0689	3
b0692	1
b0693	2
b0694	2
b0696	2
b0697	1
b0698	2
b0699	1
b0700	2
b0702	3
b0704	3
b0706	3
b0707	2
b0708	2
b0709	1
b0710	2
b0711	2
b0712	2
b0713	2
b0715	2
b0716	3
b0717	3
b0718	2
b0719	3
b0720	1
b0721	1
b0722	1
b0723	1
b0724	2
b0726	1
b0727	1
b0728	1
b0729	1
b0730	2
b0731	2
b0732	2
b0733	1
b0734	1
b0735	2
b0737	1
b0739	1
b0742	3
b0750	3
b0751	2
b0752	2
b0753	1
b0756	1
b0757	1
b0758	2
b0760	2
b0761	2
b0762	1
b0764	2
b0765	2
b0766	2
b0767	2
b0768	3
b0769	3
b0770	1
b0771	1
b0775	2
b0777	2
b0779	2
b0780	2
b0781	2
b0782	1
b0783	2
b0786	2
b0787	3
b0788	2
b0789	2
b0790	2
b0791	2
b0792	2
b0793	2
b0794	2
b0795	2
b0796	2
b0797	1
b0798	2
b0799	2
b0800	2
b0801	2
b0802	1
b0803	2
b0804	2
b0805	1
b0806	1
b0807	2
b0808	2
b0809	1
b0810	1
b0811	1
b0813	3
b0814	1
b0815	2
b0817	2
b0818	2
b0819	1
b0820	1
b0821	2
b0822	2
b0823	1
b0824	2
b0827	1
b0829	2
b0830	2
b0831	2
b0832	2
b0833	3
b0834	3
b0835	1
b0836	2
b0838	2
b0839	1
b0840	2
b0841	2
b0842	2
b0843	2
b0844	2
b0845	2
b0847	2
b0848	3
b0849	2
b0850	2
b0852	2
b0853	2
b0855	2
b0856	2
b0857	2
b0858	2
b0859	2
b0860	1
b0861	2
b0862	2
b0863	1
b0864	1
b0865	2
b0866	1
b0868	2
b0869	2
b0870	2
b0871	2
b0872	1
b0873	1
b0874	2
b0875	1
b0876	2
b0877	2
b0878	2
b0879	2
b0880	3
b0882	1
b0884	1
b0886	2
b0887	2
b0888	1
b0889	2
b0890	2
b0891	1
b0892	2
b0893	1
b0894	1
b0895	1
b0896	2
b0897	3
b0898	2
b0899	2
b0900	3
b0901	3
b0902	1
b0903	1
b0904	1
b0905	1
b0906	2
b0907	1
b0909	1
b0910	2
b0911	1
b0912	2
b0913	3
b0914	1
b0915	2
b0916	2
b0917	2
b0918	1
b0919	2
b0920	2
b0921	2
b0922	2
b0923	2
b0924	1
b0925	2
b0926	2
b0927	2
b0928	1
b0930	1
b0931	2
b0933	2
b0934	2
b0935	2
b0938	3
b0939	3
b0940	3
b0941	3
b0942	3
b0943	3
b0944	3
b0945	2
b0946	2
b0947	2
b0948	1
b0949	2
b0950	2
b0951	2
b0952	2
b0953	3
b0954	1
b0955	2
b0956	2
b0957	1
b0958	3
b0959	3
b0960	2
b0961	1
b0962	2
b0963	2
b0964	2
b0965	2
b0966	2
b0967	1
b0968	2
b0969	1
b0970	1
b0974	1
b0975	2
b0976	2
b0977	2
b0978	2
b0979	2
b0980	2
b0981	2
b0982	2
b0983	2
b0984	2
b0985	2
b0986	3
b0987	1
b0988	2
b0989	3
b0990	1
b0991	3
b0992	2
b0993	2
b0994	2
b0995	2
b0996	1
b0997	1
b0998	2
b0999	2
b1000	2
b1001	3
b1002	2
b1003	1
b4518	1
b1006	2
b1007	2
b1008	2
b1009	2
b1010	1
b1011	2
b1012	1
b1015	2
b1018	1
b1019	2
b1020	2
b1021	3
b1022	3
b1024	3
b1025	3
b1026	2
b1027	2
b1029	3
b1033	2
b1035	2
b1036	2
b1037	2
b1038	3
b1039	3
b1040	3
b1041	3
b1042	1
b1043	3
b1044	3
b1046	2
b1047	3
b1048	1
b1049	2
b1050	2
b1051	2
b1053	2
b1054	2
b1055	2
b1056	1
b1057	3
b1058	3
b1059	2
b1060	3
b1061	3
b1063	2
b1065	2
b1066	2
b1067	2
b1068	2
b1069	2
b1070	2
b1071	2
b1072	3
b1073	2
b1074	1
b1075	1
b1076	1
b1077	2
b1078	2
b1079	1
b1080	2
b1081	2
b1082	2
b1083	2
b1085	3
b1086	2
b1087	2
b1088	2
b1089	1
b1090	3
b1093	1
b1095	1
b1096	2
b1097	2
b1098	2
b1099	2
b1100	2
b1101	1
b1102	1
b1104	3
b1105	2
b1106	2
b1107	2
b1108	2
b1109	1
b1110	1
b1111	2
b1112	3
b1113	2
b1114	2
b1115	2
b1116	2
b1117	1
b1118	2
b1119	2
b1121	3
b1122	3
b1123	1
b1124	2
b1125	1
b1126	1
b1127	2
b1128	2
b1130	2
b1131	1
b1133	1
b1134	2
b1137	3
b1138	3
b1139	3
b1140	3
b1141	3
b1143	3
b1144	3
b1145	3
b1146	3
b1147	1
b1148	3
b1150	2
b1153	2
b1154	3
b1155	3
b1156	3
b1158	3
b1159	3
b1160	3
b1161	3
b1162	3
b1163	3
b1164	3
b1165	3
b1167	3
b1168	3
b1171	1
b1172	1
b1174	2
b1175	1
b1176	2
b1177	3
b1179	3
b1180	2
b1181	2
b1182	3
b1183	2
b1184	2
b1185	2
b1186	1
b1188	2
b1189	2
b1190	2
b1191	2
b1195	2
b1196	3
b1198	2
b1199	2
b1201	2
b1202	3
b1203	1
b1205	2
b1206	1
b1207	1
b1208	2
b1209	2
b1210	2
b1211	1
b1212	2
b1213	2
b1214	2
b1215	1
b1216	2
b1217	2
b1218	2
b1219	2
b1220	2
b1221	1
b1223	1
b1224	1
b1225	1
b1226	2
b1227	1
b1229	3
b1232	2
b1233	3
b1234	3
b1235	3
b1236	1
b1237	1
b1238	3
b1242	2
b4711	2
b1243	1
b1244	3
b1245	1
b1247	2
b1248	2
b1249	2
b1250	3
b1251	3
b1253	3
b1254	1
b1255	3
b1256	2
b1257	3
b1258	3
b1259	1
b1260	2
b1261	1
b1262	2
b1263	2
b1264	2
b1265	1
b1266	2
b1267	1
b1268	3
b1270	2
b1272	2
b1273	2
b1275	3
b1276	2
b1278	3
b1279	2
b1280	2
b1281	2
b1282	1
b1283	1
b1284	2
b1285	3
b1286	1
b1287	3
b1288	1
b1289	3
b1290	2
b1291	2
b1292	2
b1293	2
b1294	2
b1295	2
b1296	2
b1297	2
b1298	2
b1299	2
b1300	1
b1301	1
b1302	1
b1304	1
b1305	2
b1306	2
b1307	3
b1308	1
b1309	3
b1310	1
b1311	2
b1312	1
b1313	1
b1314	1
b1315	2
b1316	2
b1319	2
b1320	3
b1321	2
b1322	2
b1323	2
b1325	2
b1326	2
b1327	3
b1328	3
b1330	3
b1332	2
b1333	2
b1334	1
b1335	2
b1336	2
b1337	2
b1338	2
b1339	2
b1340	2
b1341	2
b1342	2
b1343	2
b1344	1
b1345	3
b1346	3
b1347	3
b1348	3
b1349	3
b1350	1
b1351	3
b1352	3
b1353	3
b4527	1
b1355	1
b1356	3
b1357	3
b1358	2
b1359	3
b1360	2
b1363	3
b1365	2
b1370	2
b1372	3
b1373	3
b1374	3
b1375	3
b1376	2
b1377	1
b1378	2
b1379	2
b1380	1
b1381	2
b1382	1
b1383	3
b1384	3
b1385	2
b1387	2
b1388	2
b1389	2
b1390	2
b1391	2
b1392	2
b1393	2
b1394	2
b1395	2
b1396	2
b1397	2
b1398	2
b1399	2
b1400	2
b1402	2
b1403	2
b1404	3
b1406	2
b1407	3
b1408	3
b1409	3
b1410	2
b1411	3
b1413	2
b1415	2
b1418	3
b1419	3
b1420	3
b1421	2
b1422	3
b1423	2
b1424	2
b1426	3
b1427	3
b1428	3
b1429	2
b1431	1
b1432	3
b1433	3
b1434	3
b1435	2
b1436	2
b4532	3
b1438	3
b1439	2
b1440	1
b1441	2
b1442	2
b1443	2
b1444	2
b1445	3
b1446	2
b1447	2
b1448	2
b1449	2
b1450	3
b1451	2
b1452	1
b1453	2
b1454	3
b1455	3
b1457	3
b1460	3
b1462	2
b1463	2
b1464	2
b1465	2
b1466	2
b1467	1
b1468	1
b1469	3
b1473	3
b1474	1
b1475	1
b1476	1
b1477	3
b1478	1
b1479	1
b1480	3
b1481	3
b1483	2
b1484	2
b1485	2
b1486	2
b1487	2
b1488	2
b1491	2
b1492	1
b1493	1
b1494	3
b1495	2
b1496	3
b1497	3
b1498	3
b1499	3
b1500	3
b1501	3
b1502	3
b1503	3
b1504	3
b1508	3
b1511	3
b1512	2
b1513	2
b1514	2
b1515	2
b1516	2
b1517	2
b1518	1
b1519	2
b1520	2
b1522	2
b1523	2
b1524	2
b1525	2
b1526	2
b1527	3
b1528	2
b1529	2
b1530	2
b1531	2
b1532	3
b1533	2
b1534	2
b1536	3
b1537	3
b1538	2
b1539	2
b1540	2
b1541	1
b1542	2
b1544	3
b1545	3
b1546	3
b1547	3
b1549	3
b1550	3
b1551	3
b1552	3
b1553	3
b1554	3
b1555	3
b1556	3
b1557	3
b1558	3
b1559	3
b1560	2
b1561	3
b1562	3
b1564	2
b1565	3
b1566	3
b1569	3
b1570	3
b1571	1
b1572	1
b1573	3
b1575	3
b1576	3
b1580	3
b1581	1
b1582	2
b1583	2
b1585	3
b1586	2
b1587	1
b1588	2
b1589	1
b1590	2
b1591	2
b1592	2
b1593	2
b1594	2
b1595	2
b1596	2
b1597	1
b1598	2
b1599	2
b1600	3
b1601	2
b1602	1
b1603	1
b1604	1
b1605	1
b1606	2
b1607	3
b1608	2
b1609	2
b1610	2
b1612	1
b1613	2
b1614	1
b1615	3
b1616	2
b1617	1
b1618	2
b1619	3
b1620	2
b1621	1
b1622	2
b1623	2
b1624	2
b1625	2
b1626	3
b1627	2
b1628	2
b1629	2
b1630	2
b1631	2
b1632	1
b1633	2
b1634	1
b1635	2
b1636	2
b1637	1
b1638	2
b1639	2
b1640	2
b1642	2
b1643	3
b1644	2
b1645	2
b1646	2
b1648	2
b1649	2
b1650	1
b1651	1
b1653	2
b1654	1
b1655	1
b1657	2
b1658	1
b1659	2
b1661	2
b1662	2
b1664	2
b1667	3
b1668	3
b1669	3
b1670	2
b1671	2
b1672	2
b1673	1
b1674	2
b1675	3
b1676	1
b1678	3
b1679	2
b1682	2
b1683	2
b1684	2
b1685	3
b1687	2
b1688	2
b1689	3
b1690	3
b1691	3
b1692	2
b1693	1
b1694	2
b1695	1
b1696	3
b1697	2
b1698	2
b1699	2
b1700	2
b1701	2
b1702	1
b1703	2
b1704	2
b1705	2
b1706	2
b1707	3
b1708	2
b1709	2
b1710	2
b1711	2
b1712	2
b1713	1
b1714	1
b1715	1
b1716	1
b1717	1
b1718	1
b1722	3
b1724	3
b1725	2
b1726	3
b1727	2
b1728	2
b1729	1
b1730	3
b1731	2
b1733	2
b1734	2
b1735	3
b1736	2
b1737	1
b1738	3
b1739	1
b1741	2
b1742	2
b1744	2
b1745	2
b1746	2
b1747	2
b1748	1
b1750	2
b1751	1
b1752	2
b1753	2
b1754	2
b1755	2
b1756	3
b1758	2
b1759	2
b1760	3
b1761	1
b1762	3
b1763	2
b1764	1
b1765	2
b1766	1
b1768	2
b1769	3
b1770	3
b1771	3
b1774	3
b1775	3
b1776	1
b1777	2
b1778	2
b1779	1
b1780	1
b1781	3
b1782	1
b1783	2
b1784	2
b1785	3
b1786	2
b1787	2
b1788	3
b1789	2
b1790	3
b1791	3
b1792	2
b1793	2
b1794	2
b1795	3
b1796	1
b1797	3
b1798	3
b1799	2
b1800	2
b1801	1
b1802	1
b1803	2
b1805	2
b1806	2
b1807	2
b1808	2
b1809	1
b1810	3
b1811	2
b1812	2
b1813	2
b1814	1
b1815	2
b1816	1
b1817	1
b1818	1
b1819	1
b1820	2
b1821	1
b1822	2
b1823	1
b1824	3
b1825	2
b1826	2
b1827	2
b1828	2
b1829	1
b1830	1
b1832	2
b1833	2
b1834	2
b1835	2
b1836	3
b1837	2
b1838	3
b1839	3
b1840	2
b1841	3
b1842	2
b1843	3
b1844	2
b1845	2
b1846	2
b1847	3
b1848	2
b1850	1
b1851	1
b1852	1
b1853	3
b1854	1
b1855	2
b1856	1
b1857	3
b1858	2
b1859	2
b1860	2
b1861	2
b1862	3
b1863	2
b1864	1
b1865	2
b1866	1
b1867	2
b1868	2
b1869	2
b1871	2
b1872	1
b1873	3
b1876	1
b1877	3
b1878	3
b1879	2
b1880	2
b1881	2
b1882	2
b1883	2
b1884	2
b1885	2
b1887	2
b1888	2
b1889	2
b1890	2
b1891	3
b1892	3
b1893	2
b1894	2
b1895	3
b1896	2
b1897	3
b1900	2
b1901	1
b1902	2
b4537	1
b1904	3
b1905	1
b1906	2
b1907	2
b1908	2
b1912	2
b1913	2
b1914	2
b1915	2
b1916	3
b1917	2
b1918	2
b1919	2
b1920	1
b1921	2
b1922	2
b1923	1
b1924	1
b1925	2
b1926	2
b1927	2
b1928	2
b1929	1
b1930	2
b1932	3
b1937	2
b1938	2
b1939	2
b1940	2
b1941	2
b1942	2
b1943	2
b1944	2
b1945	2
b1946	2
b1947	2
b1948	2
b1949	2
b1950	2
b1951	3
b1952	1
b1953	2
b1955	2
b1956	2
b1957	2
b1958	2
b1959	2
b1961	2
b1962	2
b1963	3
b1967	1
b1968	3
b1969	3
b1971	2
b1972	3
b1974	3
b1976	3
b1978	3
b1981	3
b1982	2
b1983	3
b1985	3
b1987	3
b1988	3
b1990	3
b1991	3
b1992	2
b1993	2
b1994	2
b1996	2
b2001	3
b2002	2
b2003	1
b2004	2
b2005	2
b2007	1
b2008	2
b2010	2
b2012	2
b2013	3
b2014	1
b2015	2
b2016	2
b2017	3
b2018	2
b2019	1
b2022	1
b2023	1
b2024	1
b2025	1
b2026	1
b2027	3
b2028	3
b2030	2
b2032	3
b2033	3
b2034	3
b2035	3
b2036	3
b2037	3
b2038	3
b2039	3
b2040	3
b2041	3
b2042	1
b2043	2
b2044	2
b2045	2
b2046	2
b2047	1
b2048	1
b2049	2
b2050	2
b2051	2
b2053	1
b2054	3
b2055	2
b2056	3
b2057	2
b2058	1
b2059	1
b2060	1
b2061	2
b2062	1
b2063	2
b2064	2
b2066	2
b2067	2
b2068	2
b2069	1
b2070	2
b2071	3
b2072	2
b2073	2
b2074	2
b2075	2
b2076	2
b2077	2
b2078	2
b2079	2
b2080	2
b2081	1
b2082	2
b2085	3
b2086	2
b2088	2
b2089	2
b2093	3
b2094	3
b2095	2
b2096	2
b2097	1
b2098	1
b2099	2
b2100	2
b2101	2
b2102	3
b2103	2
b2104	3
b2105	1
b2106	2
b2107	2
b2108	3
b2109	3
b2110	3
b2111	3
b2112	3
b2113	1
b2114	1
b2118	2
b2119	2
b2120	2
b2121	2
b2123	1
b2124	2
b2125	2
b2126	2
b2127	2
b2128	2
b2129	2
b2130	2
b2131	2
b2132	1
b2133	2
b2134	2
b2135	2
b2136	2
b2141	2
b2142	2
b2143	2
b2144	2
b2145	3
b2146	2
b2147	2
b2148	1
b2149	2
b2151	2
b2152	2
b2153	2
b2154	2
b2155	1
b2156	1
b2157	2
b2158	1
b2160	2
b2161	2
b2163	3
b2164	1
b2166	3
b2167	1
b2168	1
b2169	1
b2170	2
b2171	1
b2172	2
b2173	2
b2174	3
b2175	3
b2176	2
b2177	2
b2178	1
b2179	2
b2180	2
b2181	3
b2182	2
b2183	2
b2184	2
b2186	2
b2187	1
b2192	2
b2193	2
b2194	2
b2195	2
b2196	1
b2197	1
b2198	2
b2199	2
b2200	2
b2201	2
b2202	2
b2203	2
b2204	2
b2205	2
b2206	1
b2207	2
b2208	2
b2209	1
b2210	1
b2211	2
b2213	2
b2215	1
b2216	2
b2217	1
b2218	2
b2219	2
b2220	2
b2221	2
b2222	2
b2223	1
b2225	2
b2226	2
b2229	2
b2230	2
b2231	1
b2232	2
b2233	2
b2234	1
b2236	2
b2237	2
b2240	1
b2241	1
b2242	2
b2243	1
b2244	2
b2246	2
b2247	1
b2248	2
b2249	2
b2250	1
b2251	2
b2252	3
b2253	2
b2254	2
b2256	2
b2257	2
b2258	3
b2259	3
b2260	2
b2262	1
b2265	2
b2266	2
b2267	2
b2268	2
b2269	3
b2270	3
b2271	3
b2272	3
b2273	3
b2274	3
b2275	3
b2276	1
b2277	1
b2278	1
b2279	2
b2280	1
b2281	1
b2282	1
b2283	1
b2284	1
b2285	1
b2286	1
b2287	1
b2288	1
b2289	3
b2290	1
b2291	2
b2292	2
b2293	2
b2294	2
b2295	2
b2296	1
b2297	1
b2298	2
b2299	2
b2300	2
b2301	2
b2303	1
b2304	2
b2305	3
b2306	2
b2307	2
b2308	1
b2309	1
b2310	1
b2311	2
b2312	1
b2313	2
b2314	2
b2315	2
b2316	1
b2317	1
b2319	1
b2320	2
b2321	2
b2322	2
b2324	2
b2325	2
b2326	2
b2327	2
b2328	2
b2329	1
b2330	1
b2331	2
b2332	3
b2333	3
b2334	3
b2335	3
b2336	2
b2339	1
b2340	2
b2341	2
b2342	2
b2343	1
b2345	3
b2346	1
b2347	2
b2349	3
b2350	3
b2351	3
b2352	3
b2354	3
b2357	2
b2359	1
b2360	1
b2361	3
b2362	3
b2363	3
b2364	3
b2365	3
b2367	3
b2368	3
b2369	3
b2370	3
b2371	3
b2372	3
b2375	3
b2376	3
b2377	3
b2378	2
b2379	1
b2380	2
b2381	2
b2382	2
b2383	2
b2384	2
b2385	2
b2386	1
b2387	1
b2388	2
b2389	2
b2390	2
b2392	2
b2393	1
b2394	3
b2395	2
b2398	3
b2399	3
b2400	1
b2405	3
b2406	2
b2407	2
b2408	1
b2409	2
b2410	1
b2413	2
b2414	1
b2416	1
b2417	1
b2418	2
b2419	3
b2420	3
b2422	2
b2424	2
b2425	1
b2426	1
b2427	2
b2428	1
b2429	2
b2430	2
b2431	1
b2432	2
b2433	2
b2435	2
b2436	2
b2437	2
b2438	2
b2439	1
b2440	1
b2441	1
b2442	3
b2443	3
b2444	2
b2445	3
b2446	3
b2447	1
b2448	3
b2449	3
b2450	1
b2451	2
b2452	1
b2453	2
b2454	2
b2455	1
b2456	2
b2457	1
b2458	2
b2459	2
b2460	1
b2461	2
b2463	1
b2464	2
b2465	1
b2466	2
b2467	1
b2468	2
b2469	2
b2470	1
b2471	1
b2472	2
b2473	2
b2474	2
b2475	2
b2476	1
b2479	2
b2480	1
b2481	2
b2482	2
b2483	2
b2484	2
b2485	2
b2486	2
b2487	2
b2488	2
b2489	2
b2490	2
b2491	2
b2492	2
b2493	2
b2495	2
b2496	2
b2497	1
b2498	1
b2499	1
b2500	2
b2501	2
b2502	2
b2503	2
b2504	2
b2505	3
b2506	2
b2507	1
b2508	1
b2509	2
b2510	2
b2511	1
b2513	1
b2514	1
b2515	1
b2516	2
b2517	1
b2519	2
b2521	2
b2522	2
b2523	1
b2525	1
b2526	1
b2527	2
b2528	1
b2529	1
b2531	1
b2534	2
b2535	2
b2536	2
b2537	2
b2538	1
b2539	2
b2540	2
b2541	2
b2542	2
b2543	2
b2544	2
b2545	1
b2546	2
b2547	2
b2548	3
b2549	2
b2550	2
b2551	1
b2552	1
b2553	1
b2554	2
b2555	2
b2556	2
b2558	2
b2559	2
b2560	2
b2561	2
b2562	2
b2563	2
b2564	1
b2565	2
b2566	1
b2567	2
b2568	1
b2569	1
b2570	2
b2571	2
b2572	2
b2573	3
b2574	2
b2575	2
b2576	1
b2577	2
b2578	2
b2579	1
b2581	1
b2582	2
b2583	2
b2584	2
b2585	2
b2586	2
b2587	3
b2592	1
b2597	1
b2598	3
b2599	2
b2600	2
b2601	2
b2602	3
b2603	3
b2604	2
b2605	3
b2606	1
b2607	2
b2608	1
b2609	1
b2611	2
b2614	1
b2615	2
b2618	2
b2619	3
b2620	1
b2622	3
b2623	3
b2624	3
b2625	3
b2626	3
b2627	2
b2628	2
b2629	3
b2630	3
b2631	3
b2633	2
b2634	2
b2636	2
b2637	2
b2642	3
b2643	2
b2644	2
b2645	2
b2646	3
b2647	3
b2659	2
b2660	2
b2661	1
b2662	1
b2663	2
b2664	2
b2665	1
b2666	1
b2667	2
b2669	1
b2670	2
b2671	3
b2672	2
b2673	1
b2674	2
b2675	2
b2677	2
b2678	1
b2679	1
b2682	2
b2683	2
b2684	2
b2685	1
b2686	2
b2687	1
b2688	1
b2689	3
b2690	2
b2696	1
b2697	1
b2698	2
b2699	1
b2700	2
b2704	2
b2705	1
b2706	2
b2707	2
b2708	1
b2709	2
b2710	1
b2711	2
b2713	1
b2714	2
b2716	1
b2717	1
b2718	2
b2719	1
b2720	1
b2721	1
b2722	1
b2723	1
b2724	2
b2725	2
b2726	2
b2727	1
b2728	2
b2729	2
b2730	1
b2731	2
b2732	2
b2733	2
b2734	3
b2735	2
b2736	1
b2737	2
b2738	2
b2740	3
b2741	2
b2742	2
b2743	2
b2744	2
b2745	2
b2746	2
b2747	2
b2748	2
b2749	2
b2750	2
b2751	1
b2752	1
b2753	3
b2756	3
b2757	3
b2758	3
b2759	3
b2760	3
b2761	3
b2762	1
b2764	1
b2766	2
b2767	2
b2768	2
b2769	2
b2770	2
b2771	2
b2774	3
b2775	2
b2776	2
b2777	2
b2778	3
b2780	1
b2781	2
b2783	2
b2784	1
b2785	2
b2786	2
b2787	1
b2788	2
b2789	1
b2790	2
b2791	2
b2792	2
b2793	2
b2794	2
b2795	1
b2796	1
b2797	1
b2798	2
b2800	2
b2801	3
b2802	1
b2803	2
b2804	2
b2805	2
b2806	2
b2807	2
b2808	2
b2809	1
b2811	2
b2813	1
b2817	2
b2818	2
b2819	2
b2820	2
b2821	2
b2822	2
b2823	2
b2824	2
b2825	2
b2826	2
b2827	1
b2829	2
b2831	2
b2832	1
b2833	3
b2835	2
b2836	2
b2837	2
b2838	2
b2839	2
b2840	2
b2841	1
b2842	2
b2843	1
b2844	2
b2845	3
b2846	3
b2847	3
b2848	3
b2849	3
b2851	3
b2852	3
b2853	3
b2860	2
b2861	2
b2865	3
b2866	2
b2867	2
b2868	2
b2869	3
b2871	1
b2872	1
b2873	2
b2874	1
b2875	2
b2876	3
b2877	3
b2878	1
b2879	2
b2880	2
b2881	1
b2882	3
b2883	2
b2886	2
b2887	2
b2888	3
b2890	1
b2891	1
b2892	2
b2893	1
b2894	2
b2895	1
b2896	2
b2898	1
b2899	2
b2900	1
b2901	1
b2902	2
b2903	1
b2906	2
b2907	2
b2909	1
b2910	3
b2912	2
b2913	1
b2916	2
b2917	1
b2920	2
b2921	3
b2922	2
b2923	2
b2924	1
b2926	1
b2927	2
b2928	2
b2929	2
b2930	2
b2933	1
b2934	3
b2936	2
b2937	1
b2938	1
b2939	3
b2940	3
b2942	1
b2943	1
b2944	2
b2945	1
b2946	2
b2947	1
b2948	1
b2950	2
b2951	2
b2952	2
b2953	2
b2955	2
b2956	2
b2958	2
b2959	1
b2962	2
b2963	2
b2964	1
b2965	2
b2966	2
b2968	2
b2971	3
b2972	3
b2975	1
b2976	1
b2977	1
b2979	2
b2980	2
b2982	2
b2984	2
b2985	3
b2986	3
b2987	2
b2990	1
b2991	2
b2992	2
b2993	2
b2995	1
b2996	1
b2998	3
b3001	2
b3002	2
b3003	2
b3005	1
b3006	1
b3009	2
b3010	2
b3011	1
b3012	2
b3014	3
b3017	2
b3018	1
b3019	1
b3020	2
b3022	3
b3024	1
b3025	2
b3026	2
b3027	3
b3028	1
b3029	1
b3031	2
b3032	2
b3033	2
b3034	2
b3035	1
b3037	1
b3038	1
b3039	2
b3040	2
b3042	2
b3043	1
b3044	2
b3045	2
b3047	3
b3048	3
b3049	3
b3050	3
b3051	2
b3052	1
b3053	2
b3054	2
b3055	2
b3056	2
b3057	2
b3059	2
b3060	2
b3061	2
b3062	1
b3063	2
b3064	1
b3065	1
b3066	2
b3067	1
b3068	2
b3070	2
b3071	2
b3072	2
b3073	2
b3074	2
b3075	2
b3077	2
b3079	1
b3081	2
b3082	2
b3083	3
b3084	1
b3085	2
b3086	2
b3087	2
b3089	1
b3090	2
b3091	1
b3092	1
b3093	1
b3094	1
b3095	2
b3096	2
b3097	2
b3098	1
b3099	2
b3100	2
b3101	1
b3102	1
b3103	1
b3104	3
b3105	2
b3106	2
b3107	2
b3115	2
b3116	1
b3117	1
b3118	3
b3119	3
b3120	3
b3121	3
b3124	2
b3125	1
b3126	1
b3127	1
b3128	2
b3129	3
b3130	3
b3131	2
b3132	2
b3133	1
b3137	2
b3138	1
b3139	2
b3140	2
b3141	2
b3142	3
b3143	3
b3144	3
b3145	3
b3146	2
b3147	2
b3148	2
b3149	2
b3150	1
b3151	2
b3152	2
b3153	2
b3154	2
b3155	2
b3156	2
b3157	2
b3158	2
b3159	2
b3160	2
b3161	1
b3163	2
b3164	1
b3165	1
b3166	1
b3167	1
b3168	1
b3169	1
b3170	1
b3173	3
b3175	1
b3176	1
b3177	2
b3179	2
b3180	1
b3181	1
b3183	1
b3184	2
b3185	1
b3186	1
b3187	1
b3188	3
b3190	2
b3191	2
b3193	1
b3194	2
b3195	2
b3196	2
b3197	2
b3198	2
b3199	3
b3200	1
b3202	2
b3203	2
b3204	2
b3206	2
b3207	2
b3208	2
b3209	2
b3211	2
b3212	1
b3213	1
b3214	3
b3215	3
b3216	3
b3218	2
b3219	3
b3220	3
b3221	2
b3222	2
b3223	2
b3224	1
b3226	1
b3227	2
b3228	2
b3229	1
b3230	1
b3231	1
b3232	2
b3233	1
b3234	2
b3237	1
b3238	1
b3239	2
b3240	2
b3241	1
b3242	2
b3243	2
b3247	1
b3248	2
b3249	2
b3250	2
b3251	1
b3252	2
b3253	2
b3255	1
b3257	2
b3258	2
b3259	1
b3260	2
b3261	1
b3262	2
b3263	3
b3264	3
b3265	2
b3266	2
b3267	1
b3270	2
b3271	3
b3280	2
b3282	3
b3284	2
b3288	1
b3289	2
b3290	2
b3291	2
b3292	2
b3293	3
b3294	1
b3295	1
b3296	1
b3297	1
b3298	1
b3299	1
b3300	1
b3301	1
b3302	1
b3303	1
b3304	1
b3305	1
b3306	1
b3307	1
b3308	1
b3309	1
b3310	1
b3311	1
b3312	1
b3313	1
b3314	1
b3315	1
b3316	1
b3317	1
b3318	1
b3319	1
b3320	1
b3322	3
b3323	3
b3324	3
b3325	2
b3326	2
b3327	2
b3328	2
b3329	2
b3330	3
b3331	2
b3332	2
b3333	3
b3334	3
b3335	3
b3337	2
b3338	1
b3339	1
b3340	1
b3341	1
b3342	1
b3343	2
b3344	3
b3345	2
b3346	1
b3347	1
b3348	2
b3349	1
b3350	2
b3351	2
b3352	1
b3353	2
b3354	2
b3355	2
b3356	2
b3358	2
b3359	2
b3360	2
b3361	2
b3362	3
b3363	1
b3364	1
b3365	1
b3366	1
b3368	2
b3369	1
b3370	1
b3371	1
b3374	1
b3375	2
b3377	2
b3378	1
b3379	2
b3380	2
b3382	2
b3384	1
b3385	2
b3386	1
b3387	2
b3388	1
b3389	2
b3391	2
b3392	3
b3393	2
b3394	2
b3395	2
b3396	1
b3397	2
b3398	2
b3399	2
b3400	2
b3401	1
b3402	2
b3403	1
b3404	2
b3405	1
b3407	1
b3408	1
b3410	2
b3411	2
b3413	2
b3414	1
b3416	2
b3421	2
b3422	2
b3428	1
b3429	2
b3430	1
b3431	2
b3432	1
b3434	2
b3437	2
b3439	1
b3440	1
b3441	2
b3442	3
b3444	2
b3445	2
b3446	3
b3448	2
b3449	2
b3450	2
b3451	2
b3452	1
b3454	2
b3455	2
b3456	1
b3457	1
b3461	1
b3462	2
b3463	2
b3465	2
b3466	1
b3467	2
b3468	2
b3469	2
b3470	2
b3471	1
b3472	1
b3473	2
b3474	2
b3475	2
b3477	2
b3478	2
b3479	2
b3480	2
b3483	3
b3484	3
b3485	2
b3487	2
b3488	3
b3491	3
b3492	2
b3493	1
b3494	2
b3495	1
b3496	2
b3497	2
b3498	1
b3499	1
b3500	1
b3501	2
b3502	1
b3503	2
b3505	2
b3506	3
b3507	3
b3508	3
b3510	1
b3511	3
b3512	3
b3513	2
b3514	1
b3515	3
b3516	3
b3517	1
b3518	2
b3519	2
b3520	3
b3521	2
b3522	2
b3523	1
b3524	2
b3525	2
b3526	1
b3527	2
b3528	1
b3529	2
b3531	2
b3532	1
b3533	1
b3535	3
b3536	2
b3537	2
b3539	2
b3540	1
b3541	2
b3542	1
b3543	2
b3544	1
b3546	1
b3547	1
b3548	2
b3549	2
b3550	2
b3551	2
b3553	2
b3554	2
b3555	3
b3556	1
b3557	3
b3558	3
b3559	1
b3560	1
b3561	2
b3562	3
b3563	3
b3564	2
b3565	1
b3566	3
b3567	2
b3568	1
b3569	2
b3571	2
b3573	2
b3575	1
b3576	3
b3577	3
b3579	1
b3580	2
b3581	2
b3582	2
b3583	2
b3584	2
b3585	2
b3586	2
b3587	2
b3588	2
b3590	2
b3591	2
b3593	2
b3594	3
b3596	3
b3597	2
b3598	2
b3599	1
b3600	1
b3601	2
b3602	1
b3603	1
b3604	2
b3605	1
b3606	2
b3607	1
b3608	2
b3609	1
b3610	1
b3611	1
b3612	1
b3614	2
b3615	3
b3616	1
b3617	1
b3618	3
b3619	1
b3620	2
b3621	3
b3622	3
b3623	3
b3624	3
b3625	3
b3626	3
b3627	3
b3628	3
b3629	3
b3630	3
b3632	3
b3633	2
b3635	2
b3636	1
b3637	1
b3638	2
b3639	2
b3641	2
b3642	2
b3644	1
b3645	3
b3646	2
b3647	2
b3648	2
b3649	1
b3650	1
b3651	2
b3652	2
b3653	1
b3654	1
b3655	2
b3656	1
b3657	1
b3659	3
b3660	3
b3661	3
b3662	2
b3663	2
b3664	3
b3665	2
b3666	1
b3667	2
b3668	2
b3669	2
b3670	2
b3671	2
b3672	1
b3673	2
b3674	2
b3675	2
b3676	2
b3677	1
b3678	2
b3679	2
b3680	3
b3684	2
b3685	2
b3686	1
b3687	1
b3688	2
b3689	2
b3690	2
b3691	1
b3693	2
b3698	2
b3700	2
b3702	2
b3703	1
b3704	2
b3706	2
b3707	3
b3708	1
b3709	2
b3710	2
b3711	2
b3712	2
b3713	1
b3714	1
b3715	1
b3716	3
b3717	3
b3719	1
b3720	1
b3721	2
b3722	2
b3723	3
b3724	1
b3725	1
b3726	1
b3727	1
b3728	1
b3729	1
b3730	1
b3731	1
b3732	1
b3733	1
b3734	1
b3735	1
b3736	1
b3737	1
b3738	1
b3739	2
b3740	2
b3741	1
b3742	1
b3743	1
b3744	1
b3746	2
b3748	2
b3749	1
b3750	1
b3751	1
b3752	1
b3753	2
b3754	3
b3764	1
b3765	3
b3766	3
b3769	3
b3772	1
b3773	2
b3774	1
b3775	1
b3780	1
b3783	1
b3784	2
b3785	2
b3789	1
b3791	1
b3792	2
b3793	1
b3794	2
b3801	1
b3802	2
b3803	2
b3804	2
b3806	2
b3809	2
b3810	2
b3811	2
b3812	2
b3813	2
b3816	1
b3817	3
b3818	3
b3820	2
b3821	1
b3827	2
b3828	2
b3829	1
b3832	2
b3835	2
b3836	1
b3839	1
b3842	2
b3843	2
b3844	2
b3846	1
b3847	1
b3848	2
b3850	2
b3856	3
b3858	1
b3859	2
b3860	1
b3861	3
b3862	3
b3863	1
b3865	1
b3866	2
b3867	2
b3868	2
b3869	2
b3870	1
b3872	2
b3873	3
b3874	3
b3875	3
b3877	1
b3878	1
b3879	3
b3880	1
b3881	1
b3883	2
b3884	2
b3885	2
b3886	2
b3888	2
b3889	3
b3890	3
b3891	2
b3892	1
b3893	1
b3894	1
b3895	2
b3896	3
b3897	2
b3898	2
b3899	1
b3900	2
b3901	2
b3904	2
b3905	2
b3906	2
b3907	2
b3909	2
b3910	2
b3911	2
b3915	2
b3916	1
b3917	1
b3918	2
b3919	1
b3920	3
b3921	3
b3922	3
b3923	2
b3924	2
b3925	1
b3926	1
b3927	1
b3928	2
b3929	1
b3930	2
b3931	1
b3932	1
b3933	2
b3934	2
b3935	2
b3936	1
b3937	2
b3938	1
b3939	2
b3940	1
b3942	1
b3943	2
b3944	2
b3945	1
b3946	1
b3949	1
b3950	1
b3951	2
b3952	2
b3953	2
b3954	2
b3955	1
b3956	1
b3957	2
b3958	2
b3959	2
b3960	1
b3961	2
b3962	1
b3963	2
b3964	1
b3965	2
b3966	2
b3967	2
b3972	3
b3973	3
b3974	3
b3980	1
b3981	1
b3982	1
b3983	1
b3984	1
b3985	1
b3986	1
b3988	1
b3989	3
b3990	2
b3991	2
b3992	2
b3993	2
b3994	1
b3995	2
b3997	1
b3998	2
b3999	2
b4000	1
b4001	2
b4002	2
b4003	2
b4004	2
b4005	1
b4006	1
b4011	3
b4012	2
b4013	2
b4015	1
b4016	2
b4017	3
b4020	2
b4021	1
b4022	1
b4023	2
b4024	1
b4025	1
b4026	1
b4027	2
b4028	2
b4029	2
b4030	2
b4031	1
b4032	1
b4033	1
b4035	1
b4036	1
b4037	1
b4040	2
b4041	1
b4042	1
b4043	1
b4044	2
b4045	1
b4046	2
b4047	3
b4048	3
b4049	2
b4050	2
b4051	2
b4052	1
b4053	2
b4054	2
b4056	2
b4057	2
b4058	1
b4059	1
b4060	2
b4061	3
b4062	2
b4063	2
b4064	1
b4065	2
b4066	3
b4067	1
b4068	2
b4069	1
b4070	1
b4072	2
b4073	2
b4074	2
b4075	2
b4076	2
b4077	1
b4078	2
b4079	1
b4080	2
b4081	2
b4082	1
b4084	2
b4085	1
b4086	1
b4087	2
b4088	1
b4089	3
b4090	3
b4093	2
b4094	2
b4095	2
b4096	1
b4102	2
b4105	1
b4106	2
b4107	2
b4108	1
b4109	2
b4110	2
b4111	1
b4112	2
b4113	2
b4114	2
b4115	1
b4116	3
b4117	1
b4118	2
b4119	2
b4120	3
b4121	2
b4122	1
b4123	1
b4124	2
b4126	1
b4127	2
b4128	3
b4129	1
b4130	2
b4131	1
b4132	1
b4135	2
b4138	1
b4139	1
b4140	2
b4141	2
b4142	1
b4144	1
b4145	2
b4146	2
b4147	1
b4148	2
b4150	3
b4151	1
b4152	1
b4153	1
b4154	1
b4155	2
b4156	3
b4157	2
b4158	2
b4159	2
b4160	1
b4161	1
b4166	2
b4167	2
b4168	2
b4169	2
b4170	2
b4171	2
b4172	1
b4173	2
b4174	1
b4175	1
b4176	3
b4177	1
b4178	3
b4179	1
b4180	1
b4181	3
b4182	2
b4183	2
b4184	3
b4185	3
b4186	2
b4188	3
b4189	3
b4190	2
b4191	2
b4192	1
b4194	1
b4195	1
b4197	1
b4198	1
b4199	3
b4200	1
b4201	3
b4202	1
b4203	1
b4204	3
b4206	2
b4207	1
b4208	1
b4210	2
b4211	1
b4212	2
b4213	1
b4214	1
b4216	2
b4217	1
b4218	1
b4219	2
b4220	1
b4221	2
b4222	2
b4224	3
b4225	2
b4230	2
b4231	2
b4233	1
b4234	1
b4237	1
b4238	1
b4239	2
b4240	1
b4241	2
b4243	1
b4244	2
b4245	1
b4246	3
b4248	3
b4251	3
b4252	2
b4253	3
b4255	1
b4258	1
b4259	2
b4260	1
b4261	2
b4262	1
b4263	2
b4264	2
b4265	2
b4266	1
b4267	3
b4268	3
b4269	2
b4272	2
b4273	2
b4277	3
b4278	2
b4279	3
b4284	3
b4287	3
b4288	2
b4289	2
b4290	2
b4291	1
b4292	2
b4293	2
b4294	3
b4295	3
b4296	3
b4297	2
b4298	1
b4299	3
b4300	2
b4301	2
b4302	2
b4303	2
b4304	1
b4305	2
b4306	2
b4307	2
b4309	3
b4312	3
b4313	3
b4315	3
b4321	1
b4322	1
b4323	1
b4324	2
b4325	3
b4326	3
b4327	2
b4329	2
b4330	2
b4331	3
b4332	2
b4333	3
b4334	2
b4335	2
b4336	2
b4337	2
b4340	2
b4341	2
b4345	3
b4347	2
b4348	3
b4349	1
b4350	1
b4351	2
b4352	1
b4353	1
b4354	1
b4355	2
b4356	2
b4358	2
b4359	1
b4360	1
b4361	1
b4362	2
b4363	2
b4364	2
b4365	3
b4366	3
b4367	2
b4371	2
b4372	2
b4373	2
b4374	2
b4375	1
b4376	1
b4377	2
b4379	2
b4380	2
b4381	1
b4383	1
b4385	2
b4386	2
b4387	2
b4388	1
b4389	2
b4390	2
b4391	1
b4392	2
b4394	2
b4395	2
b4396	2
b4397	1
b4398	2
b4399	2
b4400	2
b4401	1
b4402	3
b4403	3
ENA|AAC74940|AAC74940.1	1
ENA|AAA24142|AAA24142.1	3
ENA|AAG45720|AAG45720.1	3
ENA|CAA35933|CAA35933.1	1
ENA|AAC75198|AAC75198.1	2
ENA|AAC75039|AAC75039.1	3
ENA|CAA27984|CAA27984.1	1
ENA|AAG59314|AAG59314.1	1
ENA|AAC77266|AAC77266.2	3
ENA|AAC74789|AAC74789.1	1
ENA|AAA72140|AAA72140.1	2
ENA|AAB18433|AAB18433.1	1
ENA|AAN81797|AAN81797.1	2
ENA|BAA05004|BAA05004.1	1
ENA|AAA26083|AAA26083.1	3
ENA|AAA23580|AAA23580.1	2
ENA|AAC73871|AAC73871.1	1
ENA|AAC74827|AAC74827.2	1
ENA|CAA45196|CAA45196.1	2
ENA|AAC75152|AAC75152.1	3
ENA|CDU38450|CDU38450.1	2
ENA|CAA59312|CAA59312.1	2
ENA|CAC87491|CAC87491.1	2
ENA|AAC73234|AAC73234.1	2
ENA|AAC74118|AAC74118.1	2
ENA|AAC77331|AAC77331.2	2
ENA|AAA91586|AAA91586.2	3
ENA|CAA26429|CAA26429.1	1
ENA|AAA24169|AAA24169.1	1
ENA|CAA40223|CAA40223.1	2
ENA|CAU99362|CAU99362.1	2
ENA|AAC43128|AAC43128.1	1
ENA|CAA23560|CAA23560.1	1
ENA|BAF80809|BAF80809.1	3
ENA|CAA38206|CAA38206.1	1
ENA|AAA97105|AAA97105.1	1
ENA|AAA57939|AAA57939.1	1
ENA|CAA27698|CAA27698.1	2
ENA|AAA23813|AAA23813.1	1
ENA|AAC74108|AAC74108.1	3
ENA|SQM34752|SQM34752.1	2
ENA|CAA33878|CAA33878.1	2
ENA|AAD26812|AAD26812.1	2
ENA|AAC76094|AAC76094.2	2
ENA|AAC73915|AAC73915.1	2
ENA|CAA51659|CAA51659.1	1
ENA|CBG37351|CBG37351.1	1
ENA|CAU99391|CAU99391.1	2
ENA|AAA60494|AAA60494.1	2
ENA|SBV31106|SBV31106.1	2
ENA|AAA24274|AAA24274.1	1
ENA|AAC75324|AAC75324.1	2
ENA|AAC74098|AAC74098.1	2
ENA|AAB53446|AAB53446.1	2
ENA|AAC77122|AAC77122.2	2
ENA|AAL23678|AAL23678.1	2
ENA|AAB40477|AAB40477.1	3
ENA|AAA87976|AAA87976.1	2
ENA|CAA47281|CAA47281.1	1
ENA|AAZ85964|AAZ85964.1	3
ENA|AAA24318|AAA24318.1	1
ENA|AAC75586|AAC75586.1	1
ENA|BAA77743|BAA77743.1	1
ENA|AAO37693|AAO37693.1	2
ENA|AAC76148|AAC76148.2	1
ENA|CAA40661|CAA40661.1	1
ENA|AAK63040|AAK63040.1	3
ENA|AAA79787|AAA79787.1	1
ENA|AAA21096|AAA21096.1	1
ENA|CAA33724|CAA33724.1	1
ENA|AAB59737|AAB59737.1	3
ENA|CAA31707|CAA31707.1	2
ENA|AAA23749|AAA23749.1	1
ENA|AAB18428|AAB18428.1	1
ENA|CAA30695|CAA30695.1	3
ENA|AAC73994|AAC73994.1	1
ENA|AAC74562|AAC74562.2	2
ENA|AAA24270|AAA24270.1	3
ENA|CAA27728|CAA27728.1	3
ENA|AAB49639|AAB49639.1	2
ENA|AAB40860|AAB40860.1	1
ENA|AAC74810|AAC74810.1	2
ENA|AAC74837|AAC74837.1	2
ENA|AAG55406|AAG55406.1	2
ENA|AAA98065|AAA98065.1	3
ENA|CAB40390|CAB40390.1	2
ENA|AAL21040|AAL21040.1	3
ENA|ABD18647|ABD18647.1	3
ENA|AAA24062|AAA24062.1	1
ENA|AAA97124|AAA97124.1	1
ENA|AAC75585|AAC75585.1	2
ENA|AAC74334|AAC74334.1	2
ENA|AAB59736|AAB59736.1	2
ENA|AAC75090|AAC75090.1	1
ENA|AAC43450|AAC43450.1	2
ENA|AAC74278|AAC74278.1	2
ENA|AAC75362|AAC75362.1	2
ENA|AAA83918|AAA83918.1	3
ENA|ABD18681|ABD18681.1	3
ENA|AAC74793|AAC74793.1	2
ENA|BAA35940|BAA35940.1	2
ENA|AAA24158|AAA24158.1	2
ENA|BAA00046|BAA00046.1	1
ENA|AAC45785|AAC45785.1	3
ENA|AAB40771|AAB40771.1	1
ENA|AAA96322|AAA96322.1	2
ENA|ABV20698|ABV20698.1	1
ENA|BAB34271|BAB34271.1	3
ENA|BAA03657|BAA03657.1	1
ENA|AAC73164|AAC73164.1	1
ENA|AAC73594|AAC73594.2	2
ENA|BBS69642|BBS69642.1	1
ENA|CAA51509|CAA51509.1	1
ENA|CAA29156|CAA29156.1	3
ENA|THJ14647|THJ14647.1	1
ENA|CAA11147|CAA11147.1	3
ENA|AAC73842|AAC73842.1	1
ENA|AAC73428|AAC73428.1	2
ENA|BAB38289|BAB38289.1	2
ENA|AAC73117|AAC73117.1	2
ENA|CAA42070|CAA42070.1	2
ENA|AAA23416|AAA23416.1	2
ENA|AAA23740|AAA23740.1	1
ENA|BAA13552|BAA13552.1	2
ENA|AAC74262|AAC74262.1	3
ENA|AAK26703|AAK26703.1	3
ENA|CAA81620|CAA81620.1	2
ENA|AAL01378|AAL01378.1	2
ENA|AAN83143|AAN83143.1	2
ENA|AAC75956|AAC75956.2	1
ENA|ACT29255|ACT29255.1	1
ENA|AAC75573|AAC75573.1	2
ENA|AAA97301|AAA97301.1	2
ENA|BAC16523|BAC16523.1	3
ENA|BAC16524|BAC16524.1	3
ENA|CAA32605|CAA32605.1	1
ENA|AAC74512|AAC74512.1	1
ENA|AAA58003|AAA58003.1	1
ENA|AAG57912|AAG57912.1	2
ENA|AAA23694|AAA23694.1	1
ENA|AAC95064|AAC95064.1	2
ENA|CAA36624|CAA36624.1	2
ENA|CAA33612|CAA33612.1	2
ENA|CAB89086|CAB89086.1	2
ENA|AAC73941|AAC73941.1	1
ENA|ABJ02449|ABJ02449.1	2
ENA|AAA83921|AAA83921.1	2
ENA|AAA23460|AAA23460.1	1
ENA|CAA27659|CAA27659.1	2
ENA|AAA58038|AAA58038.1	1
ENA|AAB40462|AAB40462.1	2
ENA|AAA92957|AAA92957.1	1
ENA|BAB37802|BAB37802.1	2
ENA|CAA33863|CAA33863.1	3
ENA|AAA23640|AAA23640.1	2
ENA|AAC75715|AAC75715.1	3
ENA|CAA42174|CAA42174.1	3
ENA|AAC77206|AAC77206.1	2
ENA|BAB21542|BAB21542.1	2
ENA|AAN81851|AAN81851.1	3
ENA|CAA70150|CAA70150.1	2
ENA|AAB18516|AAB18516.1	2
ENA|CAA28523|CAA28523.1	2
ENA|AAC74351|AAC74351.1	1
ENA|AAA24693|AAA24693.1	1
ENA|AAB60060|AAB60060.1	1
ENA|CAA34539|CAA34539.1	1
ENA|CAS11518|CAS11518.1	3
ENA|AAA69085|AAA69085.1	2
ENA|KEJ43643|KEJ43643.1	1
ENA|AAC74276|AAC74276.1	2
ENA|AAA23669|AAA23669.1	1
ENA|AAC77044|AAC77044.2	1
ENA|AAB03015|AAB03015.1	1
ENA|AAC43339|AAC43339.1	1
ENA|AAC74494|AAC74494.1	1
ENA|AAA68887|AAA68887.1	1
ENA|AAB08634|AAB08634.1	3
ENA|AAC67304|AAC67304.1	1
ENA|AAC75487|AAC75487.2	2
ENA|AAB08603|AAB08603.1	2
ENA|AIX66472|AIX66472.1	1
ENA|ACJ63584|ACJ63584.1	3
ENA|ABG49185|ABG49185.1	2
ENA|CAA25859|CAA25859.1	1
ENA|AAC77267|AAC77267.2	3
ENA|GCG09387|GCG09387.1	3
ENA|CAA38091|CAA38091.1	1
ENA|BAA07913|BAA07913.1	1
ENA|ACT30471|ACT30471.1	2
ENA|CAA26251|CAA26251.1	3
ENA|ACI71239|ACI71239.1	1
ENA|AAT48155|AAT48155.1	1
ENA|AAC74219|AAC74219.2	2
ENA|AAA24070|AAA24070.1	1
ENA|AAA57881|AAA57881.1	1
ENA|AAC76637|AAC76637.2	2
ENA|AAC13987|AAC13987.1	2
ENA|ACA79318|ACA79318.1	2
ENA|AAX63245|AAX63245.1	3
ENA|AAC74399|AAC74399.1	2
ENA|AAA24389|AAA24389.1	1
ENA|CAA80816|CAA80816.1	1
ENA|CAA43312|CAA43312.1	3
ENA|AAB20782|AAB20782.1	1
ENA|AAN78885|AAN78885.1	1
ENA|AAL58461|AAL58461.1	3
ENA|CAA48075|CAA48075.1	1
ENA|AAC75644|AAC75644.1	2
ENA|AAA60514|AAA60514.1	1
ENA|CAA38862|CAA38862.1	2
ENA|AAC73861|AAC73861.1	2
ENA|AAA24082|AAA24082.1	3
ENA|AAA71879|AAA71879.1	1
ENA|AAA97278|AAA97278.1	1
ENA|AAB18055|AAB18055.1	1
ENA|AAC74089|AAC74089.1	1
ENA|AAA69265|AAA69265.1	3
ENA|AAA24907|AAA24907.1	3
ENA|AAN82374|AAN82374.1	2
ENA|AAA98234|AAA98234.1	3
ENA|AAC77236|AAC77236.2	3
ENA|CAA35687|CAA35687.1	3
ENA|AAC76837|AAC76837.1	2
ENA|AIX63805|AIX63805.1	2
ENA|CBJ02737|CBJ02737.1	1
ENA|AAA69275|AAA69275.1	2
ENA|CAA33860|CAA33860.1	3
ENA|AAA98051|AAA98051.1	3
ENA|AAA24743|AAA24743.1	2
ENA|AAA23997|AAA23997.1	1
ENA|AAC74058|AAC74058.1	1
ENA|AAB08610|AAB08610.1	1
ENA|AAA97092|AAA97092.1	1
ENA|AAC75274|AAC75274.1	1
ENA|AAA69289|AAA69289.1	1
ENA|AAC73527|AAC73527.2	1
ENA|CAR05025|CAR05025.1	2
ENA|CAA31424|CAA31424.1	1
ENA|ABE10642|ABE10642.1	3
ENA|AAA23589|AAA23589.1	3
ENA|AAA24356|AAA24356.1	2
ENA|AAA16384|AAA16384.1	2
ENA|AAA60517|AAA60517.1	1
ENA|AAA60503|AAA60503.1	2
ENA|BAO79439|BAO79439.1	2
ENA|AAC75565|AAC75565.1	1
ENA|AAA69264|AAA69264.1	3
ENA|CAA43945|CAA43945.1	2
ENA|CAA25561|CAA25561.1	2
ENA|AAB18434|AAB18434.1	2
ENA|AAA69164|AAA69164.1	1
ENA|AAA21591|AAA21591.1	1
ENA|AJE54810|AJE54810.1	1
ENA|AAA97035|AAA97035.1	2
ENA|AAC75547|AAC75547.1	2
ENA|BAA15155|BAA15155.2	3
ENA|AAA24637|AAA24637.1	1
ENA|ABJ91195|ABJ91195.1	2
ENA|ABE07194|ABE07194.1	3
ENA|BAA07587|BAA07587.1	3
ENA|BAA07588|BAA07588.1	3
ENA|AAA93060|AAA93060.1	3
ENA|AAC76304|AAC76304.2	2
ENA|KEJ75892|KEJ75892.1	2
ENA|AAA24565|AAA24565.1	2
ENA|CAA43003|CAA43003.1	1
ENA|AAN82230|AAN82230.1	1
ENA|AAA24298|AAA24298.1	1
ENA|AAT68785|AAT68785.1	3
ENA|AAN82398|AAN82398.1	1
ENA|AAA24548|AAA24548.1	2
ENA|CAA54826|CAA54826.1	2
ENA|AAC75465|AAC75465.1	2
ENA|AIX65819|AIX65819.1	2
ENA|AAB40232|AAB40232.1	2
ENA|AAB00835|AAB00835.1	1
ENA|BAA12841|BAA12841.1	2
ENA|AAA53286|AAA53286.1	3
ENA|AAA97213|AAA97213.1	3
ENA|AAA97214|AAA97214.1	3
ENA|AAA97212|AAA97212.1	3
ENA|AAA69273|AAA69273.1	1
ENA|AAA23601|AAA23601.1	1
ENA|AAL38655|AAL38655.1	1
ENA|AAC73149|AAC73149.1	1
ENA|CAA51042|CAA51042.1	2
ENA|AAA69121|AAA69121.1	1
ENA|AAA97139|AAA97139.1	2
ENA|AAC18890|AAC18890.1	2
ENA|AAA69249|AAA69249.1	2
ENA|AAC73968|AAC73968.1	2
ENA|AAA92252|AAA92252.1	2
ENA|ABV30906|ABV30906.1	3
ENA|AAC38216|AAC38216.1	2
ENA|AAC75081|AAC75081.1	1
ENA|AAC73311|AAC73311.1	2
ENA|CAA24747|CAA24747.1	1
ENA|AAB40852|AAB40852.1	1
ENA|AAA97042|AAA97042.1	1
ENA|EAC1959725|EAC1959725.1	1
ENA|AAA24224|AAA24224.1	1
ENA|CAA41038|CAA41038.1	3
ENA|AAA23869|AAA23869.1	1
ENA|AAA23411|AAA23411.1	1
ENA|AAC74187|AAC74187.1	2
ENA|BAA14391|BAA14391.1	2
ENA|BAB35376|BAB35376.1	3
ENA|CAA40780|CAA40780.1	1
ENA|CAA27580|CAA27580.1	1
ENA|AAA23861|AAA23861.1	2
ENA|AAB59150|AAB59150.1	1
ENA|AAC73780|AAC73780.1	1
ENA|AAC75321|AAC75321.1	2
ENA|AAA26070|AAA26070.1	3
ENA|CAA28257|CAA28257.1	2
ENA|CAA29774|CAA29774.1	1
ENA|AAC75082|AAC75082.1	2
ENA|AAK63041|AAK63041.1	3
ENA|AAS07597|AAS07597.1	3
ENA|BAB33306|BAB33306.1	3
ENA|AAT48181|AAT48181.1	2
ENA|CAA49169|CAA49169.1	1
ENA|CAA28296|CAA28296.1	3
ENA|AAA24041|AAA24041.1	2
ENA|AAA24044|AAA24044.1	2
ENA|CAB40389|CAB40389.1	2
ENA|AAC74277|AAC74277.2	2
ENA|AAA57974|AAA57974.1	1
ENA|AAC74353|AAC74353.1	2
ENA|AAB40234|AAB40234.1	1
ENA|AAC75986|AAC75986.1	1
ENA|AAC43113|AAC43113.1	1
ENA|ACE63256|ACE63256.1	1
ENA|AAC74284|AAC74284.2	2
ENA|CAA31062|CAA31062.1	1
ENA|AAA24035|AAA24035.1	3
ENA|CAA68700|CAA68700.1	3
ENA|AAC76534|AAC76534.2	3
ENA|AAC75323|AAC75323.1	2
ENA|AAC75284|AAC75284.1	2
ENA|AAB29683|AAB29683.2	3
ENA|CAD33725|CAD33725.1	3
ENA|AAC75531|AAC75531.1	1
ENA|AAA97215|AAA97215.1	3
ENA|AAC28165|AAC28165.1	2
ENA|AAT94188|AAT94188.1	2
ENA|AAA16417|AAA16417.1	2
ENA|AAA97216|AAA97216.1	3
ENA|AAC75404|AAC75404.2	1
ENA|ABG49187|ABG49187.1	2
ENA|AAA58173|AAA58173.1	2
ENA|AAA24039|AAA24039.1	1
ENA|AAC76025|AAC76025.2	1
ENA|AAC75723|AAC75723.1	2
ENA|AAC74843|AAC74843.1	3
ENA|AAC74756|AAC74756.1	2
ENA|CAA28164|CAA28164.1	1
ENA|AAA24664|AAA24664.1	2
ENA|AAA24450|AAA24450.1	2
ENA|CAA40809|CAA40809.1	3
ENA|AAA23742|AAA23742.1	1
ENA|AAA24908|AAA24908.1	3
ENA|CAA58527|CAA58527.1	3
ENA|CAA74961|CAA74961.1	2
ENA|AAC36910|AAC36910.1	2
ENA|CBJ04487|CBJ04487.1	3
ENA|AAC73251|AAC73251.1	3
ENA|CAA63321|CAA63321.1	2
ENA|AAD14837|AAD14837.1	1
ENA|CAA38706|CAA38706.1	1
ENA|CAA23580|CAA23580.1	1
ENA|AAB40230|AAB40230.1	2
ENA|AAA62775|AAA62775.1	3
ENA|AAC46452|AAC46452.1	2
ENA|CAA25244|CAA25244.1	2
ENA|AAC74099|AAC74099.1	2
ENA|AAC43299|AAC43299.1	1
ENA|CAA25957|CAA25957.1	1
ENA|CAA54780|CAA54780.1	2
ENA|CAA49865|CAA49865.1	1
ENA|AAA23483|AAA23483.1	1
ENA|AAC75113|AAC75113.1	2
ENA|CAA68503|CAA68503.1	1
ENA|CAA31686|CAA31686.1	1
ENA|AAB02992|AAB02992.1	3
ENA|AAC76720|AAC76720.1	1
ENA|BAA14267|BAA14267.1	1
ENA|AAA24345|AAA24345.1	2
ENA|BAA14269|BAA14269.1	1
ENA|BAA14270|BAA14270.1	1
ENA|AAC74751|AAC74751.1	2
ENA|CAA29573|CAA29573.1	1
ENA|AAC73255|AAC73255.3	2
ENA|AAB40460|AAB40460.1	2
ENA|AAC74956|AAC74956.1	2
ENA|AAC73860|AAC73860.1	1
ENA|AAC75036|AAC75036.1	3
ENA|AAA23709|AAA23709.1	1
ENA|AAA97025|AAA97025.1	2
ENA|AAB18015|AAB18015.1	2
ENA|AAB18014|AAB18014.1	2
ENA|AAB18013|AAB18013.1	2
ENA|AAA97123|AAA97123.1	1
ENA|AAA23629|AAA23629.1	1
ENA|BAB34270|BAB34270.2	3
ENA|AAA24438|AAA24438.1	1
ENA|CAA23507|CAA23507.1	2
ENA|OSL14172|OSL14172.1	1
ENA|BAA02585|BAA02585.1	1
ENA|MSI51035|MSI51035.1	1
ENA|BAB38493|BAB38493.1	2
ENA|CAA47181|CAA47181.1	2
ENA|CAA31420|CAA31420.1	1
ENA|AAA23674|AAA23674.1	1
ENA|AAA58178|AAA58178.1	2
ENA|AJE58837|AJE58837.1	2
ENA|AAC77150|AAC77150.2	1
ENA|AEE87197|AEE87197.1	1
ENA|AAC45355|AAC45355.1	2
ENA|AAC75642|AAC75642.1	2
ENA|AAC74250|AAC74250.1	3
ENA|BAB62906|BAB62906.1	3
ENA|AAC75433|AAC75433.1	3
ENA|CBG33842|CBG33842.1	1
ENA|AAN86719|AAN86719.1	2
ENA|AAA23661|AAA23661.1	1
ENA|AUJ96162|AUJ96162.1	1
ENA|AAA24006|AAA24006.1	1
ENA|AAA24271|AAA24271.1	1
ENA|AAA23492|AAA23492.1	1
ENA|AAC75220|AAC75220.1	1
ENA|AAC73189|AAC73189.1	2
ENA|AAR25030|AAR25030.1	3
ENA|AAC37012|AAC37012.1	1
ENA|AAC74555|AAC74555.1	2
ENA|AAC74580|AAC74580.1	3
ENA|AAZ80065|AAZ80065.1	3
ENA|ABK56718|ABK56718.1	1
ENA|BAA00690|BAA00690.1	2
ENA|ALY12711|ALY12711.1	1
ENA|CAA27661|CAA27661.1	2
ENA|CAA28200|CAA28200.1	2
ENA|AAB18551|AAB18551.1	2
ENA|CAA30098|CAA30098.1	2
ENA|AAB08682|AAB08682.1	2
ENA|CAA28771|CAA28771.1	1
ENA|AAC73834|AAC73834.1	1
ENA|AAC75305|AAC75305.1	2
ENA|AAC74945|AAC74945.2	2
ENA|CAA30973|CAA30973.1	1
ENA|BAA00299|BAA00299.1	1
ENA|AAA69024|AAA69024.1	1
ENA|AAG35231|AAG35231.1	3
ENA|AAC43993|AAC43993.1	1
ENA|AAC73954|AAC73954.1	2
ENA|AAL67346|AAL67346.1	1
ENA|AAB02186|AAB02186.1	2
ENA|CAA68986|CAA68986.1	1
ENA|GDL30697|GDL30697.1	1
ENA|AAA24244|AAA24244.1	1
ENA|EAA2511185|EAA2511185.1	1
ENA|AAC73187|AAC73187.2	3
ENA|ABC75035|ABC75035.1	2
ENA|AAC75841|AAC75841.2	1
ENA|AAA24636|AAA24636.1	1
ENA|AAA23531|AAA23531.1	3
ENA|AAC74608|AAC74608.1	3
ENA|CAA41995|CAA41995.1	2
ENA|AAA62056|AAA62056.1	1
ENA|CAA28157|CAA28157.1	2
ENA|AAC74129|AAC74129.1	2
ENA|BAA03918|BAA03918.1	3
ENA|AVZ08987|AVZ08987.1	1
ENA|AAC73418|AAC73418.1	3
ENA|BAA04966|BAA04966.1	2
ENA|BAA31762|BAA31762.1	2
ENA|AAT48235|AAT48235.1	2
ENA|AAC73933|AAC73933.1	2
ENA|AAA69189|AAA69189.1	3
ENA|CAA26522|CAA26522.1	2
ENA|CAA30881|CAA30881.1	2
ENA|CAA40813|CAA40813.1	3
ENA|CAA23625|CAA23625.1	1
ENA|CAA85375|CAA85375.1	2
ENA|CAA23633|CAA23633.1	1
ENA|CAA25289|CAA25289.1	1
ENA|AAA23409|AAA23409.1	1
ENA|AAA23516|AAA23516.1	2
ENA|AAC73859|AAC73859.1	1
ENA|AAA72956|AAA72956.1	2
ENA|AAC75432|AAC75432.1	3
ENA|AAC75425|AAC75425.1	2
ENA|AAA69222|AAA69222.1	2
ENA|AAA24401|AAA24401.1	1
ENA|CAA26840|CAA26840.1	1
ENA|AAA83078|AAA83078.1	1
ENA|AAA57993|AAA57993.1	1
ENA|BAA07593|BAA07593.1	2
ENA|AAD17515|AAD17515.1	3
ENA|BAA21822|BAA21822.1	1
ENA|CAA23511|CAA23511.1	1
ENA|AAA58215|AAA58215.1	1
ENA|AAA83888|AAA83888.1	2
ENA|BAA12838|BAA12838.1	1
ENA|AAC45284|AAC45284.1	1
ENA|AAC37008|AAC37008.1	1
ENA|AAC74842|AAC74842.2	3
ENA|AAB08588|AAB08588.1	2
ENA|AAA24008|AAA24008.1	2
ENA|AAA24187|AAA24187.1	1
ENA|AAC73924|AAC73924.1	2
ENA|CAA63058|CAA63058.1	2
ENA|EFJ98156|EFJ98156.1	3
ENA|EFJ98159|EFJ98159.1	3
ENA|BAB37441|BAB37441.1	1
ENA|AAC74496|AAC74496.1	2
ENA|CAA25208|CAA25208.1	3
ENA|CAA31741|CAA31741.1	2
ENA|AAC75515|AAC75515.2	2
ENA|CAA50387|CAA50387.1	1
ENA|AAG57803|AAG57803.1	2
ENA|ABC16644|ABC16644.1	3
ENA|CAA41955|CAA41955.1	1
ENA|AAC75577|AAC75577.1	2
ENA|AAN07901|AAN07901.1	3
ENA|CAE55721|CAE55721.1	2
ENA|CAA52144|CAA52144.1	1
ENA|AAB40239|AAB40239.1	2
ENA|AAB03020|AAB03020.1	2
ENA|EZJ49459|EZJ49459.1	1
