condition_group,subgroup1,subgroup2,n1,n2,phi1_mean,psi1_mean,phi2_mean,psi2_mean,d12,pval,ddist,significant
HELIX,P-CCA,P-CCC,222,225,-58.736355201497226,-36.283392380644266,-58.1560486692346,-36.887717273123236,0.8378330663422121,0.0059988,0.4386367,False
HELIX,S-AGC,S-AGT,298,303,-66.17626852852784,-36.691602051484665,-65.23935781969885,-37.38360608233909,1.16476231697167,0.012496876,0.544573,False
HELIX,P-CCC,P-CCT,225,235,-58.1560486692346,-36.887717273123236,-58.647310025287766,-36.89660334923342,0.49134171642537405,0.013680611,0.4170816,False
HELIX,P-CCC,P-CCG,225,237,-58.1560486692346,-36.887717273123236,-58.646381119560644,-36.437986882318334,0.6653445244805701,0.015678255,0.4010238,False
HELIX,S-AGT,S-TCT,303,293,-65.23935781969885,-37.38360608233909,-66.2804357435597,-36.73656177169627,1.225768976392234,0.020824656,0.51536345,False
HELIX,S-TCA,S-TCG,334,313,-65.73822117629824,-36.3780451421623,-64.96106859215585,-37.02036296189947,1.0082352506191727,0.02245389,0.5167997,False
HELIX,T-ACA,T-ACT,506,423,-67.04304685495914,-39.9619580977893,-67.51116069991514,-39.023247634114014,1.048955626541446,0.022716947,0.5509166,False
HELIX,P-CCA,P-CCT,222,235,-58.736355201497226,-36.283392380644266,-58.647310025287766,-36.89660334923342,0.6196424254392436,0.023171285,0.3969264,False
HELIX,R-CGA,R-CGG,423,480,-64.39714085352291,-38.90602792757825,-65.1307236609498,-39.48584951640981,0.9350597896538211,0.025897318,0.484958,False
HELIX,G-GGG,G-GGT,349,332,-61.267063232392005,-41.97052548739329,-61.46507041643068,-41.844689497219555,0.23460933773813575,0.027486257,0.49094078,False
HELIX,S-TCG,S-TCT,313,293,-64.96106859215585,-37.02036296189947,-66.2804357435597,-36.73656177169627,1.3495454033726582,0.02770637,0.5132045,False
HELIX,S-AGT,S-TCG,303,313,-65.23935781969885,-37.38360608233909,-64.96106859215585,-37.02036296189947,0.4575920221258128,0.028485756,0.51425165,False
HELIX,R-AGA,R-CGT,445,409,-64.36158288870384,-39.30485974868822,-64.30450982799921,-39.35764003549949,0.07773733294932546,0.028872848,0.4753469,False
HELIX,P-CCG,P-CCT,237,235,-58.646381119560644,-36.437986882318334,-58.647310025287766,-36.89660334923342,0.4586174076411958,0.029345373,0.39078,False
HELIX,G-GGC,G-GGT,355,332,-61.593962916257986,-41.480309150283134,-61.46507041643068,-41.844689497219555,0.3865052570732291,0.029902913,0.5035612,False
HELIX,R-CGG,R-CGT,480,409,-65.1307236609498,-39.48584951640981,-64.30450982799921,-39.35764003549949,0.8361022477868365,0.031230481,0.47505847,False
HELIX,G-GGA,G-GGC,373,355,-60.29408229455618,-42.55984445426574,-61.593962916257986,-41.480309150283134,1.6897000039121448,0.03220433,0.4971745,False
HELIX,R-AGG,R-CGA,426,423,-64.1331130609669,-39.74832685602422,-64.39714085352291,-38.90602792757825,0.8827106887895004,0.033104308,0.44963154,False
HELIX,S-TCC,S-TCG,306,313,-65.18237355145344,-37.34238247560348,-64.96106859215585,-37.02036296189947,0.39073322384444037,0.03387007,0.48629346,False
HELIX,T-ACC,T-ACG,467,460,-66.070455237906,-39.89563354585389,-66.60477410648693,-39.60723563833927,0.6071820207980576,0.035095137,0.51739186,False
HELIX,S-AGT,S-TCC,303,306,-65.23935781969885,-37.38360608233909,-65.18237355145344,-37.34238247560348,0.07033201674741,0.037116345,0.47228214,False
HELIX,S-AGC,S-TCG,298,313,-66.17626852852784,-36.691602051484665,-64.96106859215585,-37.02036296189947,1.2588862623665646,0.03925767,0.501055,False
HELIX,G-GGC,G-GGG,355,349,-61.593962916257986,-41.480309150283134,-61.267063232392005,-41.97052548739329,0.5892159709999171,0.03997779,0.4860249,False
HELIX,S-TCC,S-TCT,306,293,-65.18237355145344,-37.34238247560348,-66.2804357435597,-36.73656177169627,1.254097007019732,0.040533036,0.48320314,False
HELIX,R-AGA,R-CGG,445,480,-64.36158288870384,-39.30485974868822,-65.1307236609498,-39.48584951640981,0.7901486085231266,0.04197901,0.44611096,False
HELIX,S-AGC,S-TCA,298,334,-66.17626852852784,-36.691602051484665,-65.73822117629824,-36.3780451421623,0.5387053166427376,0.045795172,0.5297462,False
HELIX,S-AGC,S-TCC,298,306,-66.17626852852784,-36.691602051484665,-65.18237355145344,-37.34238247560348,1.1879993206521617,0.048293088,0.5132154,False
HELIX,L-CTT,L-TTG,848,911,-65.45454975968927,-39.21230044015079,-65.23714483840777,-38.94010032625286,0.34836446690709655,0.04995005,0.43764564,False
HELIX,G-GGA,G-GGG,373,349,-60.29408229455618,-42.55984445426574,-61.267063232392005,-41.97052548739329,1.1375362632054868,0.052456286,0.48282748,False
HELIX,S-AGT,S-TCA,303,334,-65.23935781969885,-37.38360608233909,-65.73822117629824,-36.3780451421623,1.1225049901745807,0.05294705,0.47969064,False
HELIX,S-TCA,S-TCT,334,293,-65.73822117629824,-36.3780451421623,-66.2804357435597,-36.73656177169627,0.6500237000317235,0.054945055,0.4596366,False
HELIX,R-AGG,R-CGT,426,409,-64.1331130609669,-39.74832685602422,-64.30450982799921,-39.35764003549949,0.42662986707548567,0.054945055,0.44505993,False
HELIX,T-ACC,T-ACT,467,423,-66.070455237906,-39.89563354585389,-67.51116069991514,-39.023247634114014,1.6842474305354183,0.055944055,0.501851,False
HELIX,H-CAC,H-CAT,458,430,-66.98436869979956,-38.73909810426314,-67.16560776942585,-37.26009235648316,1.4900689924715598,0.058284763,0.5301365,False
HELIX,R-CGA,R-CGC,423,450,-64.39714085352291,-38.90602792757825,-65.02633104967532,-39.257468481132086,0.7206877032505329,0.058284763,0.4564478,False
HELIX,R-AGA,R-AGG,445,426,-64.36158288870384,-39.30485974868822,-64.1331130609669,-39.74832685602422,0.49886023841864047,0.060939062,0.44986644,False
HELIX,L-CTG,L-TTA,836,904,-65.55858037093773,-39.055745674184934,-65.37316805572857,-39.26496119865159,0.27955118012464736,0.062421974,0.45145532,False
HELIX,R-AGA,R-CGC,445,450,-64.36158288870384,-39.30485974868822,-65.02633104967532,-39.257468481132086,0.6664353305126884,0.063885264,0.4634066,False
HELIX,G-GGA,G-GGT,373,332,-60.29408229455618,-42.55984445426574,-61.46507041643068,-41.844689497219555,1.3721005043942263,0.06916427,0.48233685,False
HELIX,V-GTC,V-GTT,683,660,-65.76252981955432,-42.19648180551565,-65.98419677887792,-41.416259051341335,0.8111003556817836,0.07292707,0.46104717,False
HELIX,N-AAC,N-AAT,698,707,-66.37560076926549,-36.544022154088196,-66.39825650674243,-36.221705527155294,0.32311188532461477,0.07513661,0.5097191,False
HELIX,V-GTC,V-GTG,683,682,-65.76252981955432,-42.19648180551565,-65.72257321290975,-41.93777814541766,0.2617711102521525,0.07990012,0.47249532,False
HELIX,T-ACA,T-ACC,506,467,-67.04304685495914,-39.9619580977893,-66.070455237906,-39.89563354585389,0.9748504499416648,0.081871346,0.49351588,False
HELIX,V-GTG,V-GTT,682,660,-65.72257321290975,-41.93777814541766,-65.98419677887792,-41.416259051341335,0.5834629857635271,0.08818635,0.44342303,False
HELIX,Q-CAA,Q-CAG,1220,1237,-65.07871860060932,-39.09693854506928,-65.14283358634823,-38.50572761579673,0.5946773026504469,0.08818635,0.4078363,False
HELIX,L-CTC,L-CTT,849,848,-64.95016761024051,-39.82520746532189,-65.45454975968927,-39.21230044015079,0.7937609049245454,0.0886392,0.44278577,False
HELIX,R-AGG,R-CGC,426,450,-64.1331130609669,-39.74832685602422,-65.02633104967532,-39.257468481132086,1.019205729749426,0.08985025,0.42492363,False
HELIX,S-AGC,S-TCT,298,293,-66.17626852852784,-36.691602051484665,-66.2804357435597,-36.73656177169627,0.11345565269743438,0.08990011,0.49453953,False
HELIX,C-TGC,C-TGT,185,175,-64.7006471394816,-39.95073268188838,-64.19293185771788,-41.20381967758643,1.352036177816254,0.096129835,0.42275253,False
HELIX,R-CGC,R-CGT,450,409,-65.02633104967532,-39.257468481132086,-64.30450982799921,-39.35764003549949,0.7287387847276864,0.10172414,0.42281777,False
HELIX,L-CTA,L-CTT,931,848,-65.51311180163296,-38.77627482391552,-65.45454975968927,-39.21230044015079,0.43994073552009805,0.113144755,0.41525358,False
HELIX,E-GAA,E-GAG,1801,1734,-64.7523516714986,-39.216750308395056,-65.03234161614493,-39.048085617030765,0.3268671706000303,0.113144755,0.41350135,False
HELIX,T-ACA,T-ACG,506,460,-67.04304685495914,-39.9619580977893,-66.60477410648693,-39.60723563833927,0.5638359914830373,0.11647254,0.47320712,False
HELIX,R-AGG,R-CGG,426,480,-64.1331130609669,-39.74832685602422,-65.1307236609498,-39.48584951640981,1.031562534706108,0.12468828,0.38585007,False
HELIX,G-GGA,G-GGA,373,373,-60.29408229455618,-42.55984445426574,-60.29408229455618,-42.55984445426574,0.0,0.13450292,0.44058564,False
HELIX,E-GAA,E-GAA,1801,1801,-64.7523516714986,-39.216750308395056,-64.7523516714986,-39.216750308395056,0.0,0.13804714,0.41579628,False
HELIX,L-CTA,L-TTA,931,904,-65.51311180163296,-38.77627482391552,-65.37316805572857,-39.26496119865159,0.508329248490029,0.14958449,0.42766654,False
HELIX,V-GTA,V-GTT,702,660,-65.75197717728665,-41.811057645746416,-65.98419677887792,-41.416259051341335,0.45803042858245746,0.15369262,0.40859723,False
HELIX,Y-TAC,Y-TAT,594,659,-66.7576132495443,-39.79104968928265,-66.75043472072662,-39.25557310363741,0.5355247006910842,0.15710723,0.50931215,False
HELIX,I-ATA,I-ATT,859,839,-65.22941306426732,-42.173395766121004,-65.18541298563409,-42.37949672432614,0.2107453721741107,0.16367266,0.40050536,False
HELIX,R-CGC,R-CGG,450,480,-65.02633104967532,-39.257468481132086,-65.1307236609498,-39.48584951640981,0.25110896949974754,0.16752577,0.40117544,False
HELIX,V-GTT,V-GTT,660,660,-65.98419677887792,-41.416259051341335,-65.98419677887792,-41.416259051341335,0.0,0.18952619,0.39772558,False
HELIX,L-CTG,L-TTG,836,911,-65.55858037093773,-39.055745674184934,-65.23714483840777,-38.94010032625286,0.3416059836583007,0.21036585,0.39721844,False
HELIX,L-CTA,L-CTG,931,836,-65.51311180163296,-38.77627482391552,-65.55858037093773,-39.055745674184934,0.28314545192344354,0.21262458,0.4073278,False
HELIX,H-CAT,H-CAT,430,430,-67.16560776942585,-37.26009235648316,-67.16560776942585,-37.26009235648316,0.0,0.21956088,0.47145292,False
HELIX,V-GTA,V-GTC,702,683,-65.75197717728665,-41.811057645746416,-65.76252981955432,-42.19648180551565,0.38556859466591653,0.22259136,0.39338562,False
HELIX,E-GAG,E-GAG,1734,1734,-65.03234161614493,-39.048085617030765,-65.03234161614493,-39.048085617030765,0.0,0.22564103,0.3748822,False
HELIX,L-CTG,L-CTT,836,848,-65.55858037093773,-39.055745674184934,-65.45454975968927,-39.21230044015079,0.18796745149986738,0.24252492,0.41387832,False
HELIX,D-GAC,D-GAT,1084,1068,-63.81654745331516,-38.91908383417673,-64.21185148171881,-38.672251042856225,0.4660383050171224,0.24875621,0.38149568,False
HELIX,A-GCC,A-GCT,1454,1499,-63.56428807669908,-39.44704038154579,-63.45447229522361,-39.20707534543573,0.26389907998393725,0.25548902,0.36559507,False
HELIX,A-GCT,A-GCT,1499,1499,-63.45447229522361,-39.20707534543573,-63.45447229522361,-39.20707534543573,0.0,0.26578072,0.34746397,False
HELIX,T-ACC,T-ACC,467,467,-66.070455237906,-39.89563354585389,-66.070455237906,-39.89563354585389,0.0,0.2777778,0.4258213,False
HELIX,A-GCA,A-GCT,1497,1499,-63.57133683192253,-39.34503492138624,-63.45447229522361,-39.20707534543573,0.1808042160302001,0.27906978,0.35512605,False
HELIX,A-GCG,A-GCT,1566,1499,-63.462545578822564,-39.33013827880644,-63.45447229522361,-39.20707534543573,0.12332746441029133,0.28089887,0.32334056,False
HELIX,C-TGT,C-TGT,175,175,-64.19293185771788,-41.20381967758643,-64.19293185771788,-41.20381967758643,0.0,0.28248587,0.33765316,False
HELIX,L-CTC,L-TTA,849,904,-64.95016761024051,-39.82520746532189,-65.37316805572857,-39.26496119865159,0.7020008947295588,0.28903654,0.38718596,False
HELIX,V-GTC,V-GTC,683,683,-65.76252981955432,-42.19648180551565,-65.76252981955432,-42.19648180551565,0.0,0.29568106,0.36232775,False
HELIX,K-AAA,K-AAG,1149,1150,-64.71015476280627,-39.27068489717606,-64.77334084281806,-39.26976282163811,0.06319280758562448,0.30232558,0.39535755,False
HELIX,A-GCA,A-GCA,1497,1497,-63.57133683192253,-39.34503492138624,-63.57133683192253,-39.34503492138624,0.0,0.3089701,0.33428437,False
HELIX,F-TTT,F-TTT,744,744,-66.58315655776384,-40.02535249857077,-66.58315655776384,-40.02535249857077,0.0,0.3156146,0.4663647,False
HELIX,L-CTA,L-CTC,931,849,-65.51311180163296,-38.77627482391552,-64.95016761024051,-39.82520746532189,1.1904477514071086,0.3255814,0.37800545,False
HELIX,K-AAA,K-AAA,1149,1149,-64.71015476280627,-39.27068489717606,-64.71015476280627,-39.27068489717606,0.0,0.32894737,0.41513118,False
HELIX,A-GCA,A-GCC,1497,1454,-63.57133683192253,-39.34503492138624,-63.56428807669908,-39.44704038154579,0.10224871076235048,0.33112583,0.35319746,False
HELIX,L-TTG,L-TTG,911,911,-65.23714483840777,-38.94010032625286,-65.23714483840777,-38.94010032625286,0.0,0.33554816,0.3605722,False
HELIX,F-TTC,F-TTT,821,744,-66.80033608280273,-39.08955169548191,-66.58315655776384,-40.02535249857077,0.9606716864558251,0.33783785,0.4780776,False
HELIX,S-AGT,S-AGT,303,303,-65.23935781969885,-37.38360608233909,-65.23935781969885,-37.38360608233909,0.0,0.34013605,0.38931778,False
HELIX,S-TCA,S-TCA,334,334,-65.73822117629824,-36.3780451421623,-65.73822117629824,-36.3780451421623,0.0,0.34013605,0.38641134,False
HELIX,C-TGC,C-TGC,185,185,-64.7006471394816,-39.95073268188838,-64.7006471394816,-39.95073268188838,0.0,0.34013605,0.3429541,False
HELIX,Y-TAC,Y-TAC,594,594,-66.7576132495443,-39.79104968928265,-66.7576132495443,-39.79104968928265,0.0,0.34551495,0.42535847,False
HELIX,R-CGC,R-CGC,450,450,-65.02633104967532,-39.257468481132086,-65.02633104967532,-39.257468481132086,0.0,0.3488372,0.34849995,False
HELIX,I-ATA,I-ATC,859,865,-65.22941306426732,-42.173395766121004,-64.91561368322942,-42.834793719304606,0.7320637294766226,0.36212623,0.37897906,False
HELIX,R-CGA,R-CGT,423,409,-64.39714085352291,-38.90602792757825,-64.30450982799921,-39.35764003549949,0.46101410272424775,0.3649635,0.36846662,False
HELIX,R-AGA,R-CGA,445,423,-64.36158288870384,-39.30485974868822,-64.39714085352291,-38.90602792757825,0.4004137739788307,0.3649635,0.36311284,False
HELIX,T-ACT,T-ACT,423,423,-67.51116069991514,-39.023247634114014,-67.51116069991514,-39.023247634114014,0.0,0.3816794,0.384814,False
HELIX,Q-CAA,Q-CAA,1220,1220,-65.07871860060932,-39.09693854506928,-65.07871860060932,-39.09693854506928,0.0,0.3846154,0.34599146,False
HELIX,S-TCG,S-TCG,313,313,-64.96106859215585,-37.02036296189947,-64.96106859215585,-37.02036296189947,0.0,0.38538206,0.3686949,False
HELIX,P-CCA,P-CCG,222,237,-58.736355201497226,-36.283392380644266,-58.646381119560644,-36.437986882318334,0.17887089022024696,0.3875969,0.29126003,False
HELIX,R-CGA,R-CGA,423,423,-64.39714085352291,-38.90602792757825,-64.39714085352291,-38.90602792757825,0.0,0.390625,0.346431,False
HELIX,D-GAC,D-GAC,1084,1084,-63.81654745331516,-38.91908383417673,-63.81654745331516,-38.91908383417673,0.0,0.40199336,0.34421545,False
HELIX,R-CGT,R-CGT,409,409,-64.30450982799921,-39.35764003549949,-64.30450982799921,-39.35764003549949,0.0,0.4032258,0.33016723,False
HELIX,N-AAT,N-AAT,707,707,-66.39825650674243,-36.221705527155294,-66.39825650674243,-36.221705527155294,0.0,0.41196012,0.43770903,False
HELIX,Q-CAG,Q-CAG,1237,1237,-65.14283358634823,-38.50572761579673,-65.14283358634823,-38.50572761579673,0.0,0.41322315,0.3754681,False
HELIX,P-CCC,P-CCC,225,225,-58.1560486692346,-36.887717273123236,-58.1560486692346,-36.887717273123236,0.0,0.4152824,0.2742778,False
HELIX,L-TTA,L-TTG,904,911,-65.37316805572857,-39.26496119865159,-65.23714483840777,-38.94010032625286,0.352188730748114,0.42372882,0.36468896,False
HELIX,T-ACA,T-ACA,506,506,-67.04304685495914,-39.9619580977893,-67.04304685495914,-39.9619580977893,0.0,0.4385965,0.41627178,False
HELIX,L-CTC,L-CTG,849,836,-64.95016761024051,-39.82520746532189,-65.55858037093773,-39.055745674184934,0.9809370700503234,0.45045045,0.38109496,False
HELIX,A-GCC,A-GCG,1454,1566,-63.56428807669908,-39.44704038154579,-63.462545578822564,-39.33013827880644,0.15497624817704786,0.4854369,0.31460908,False
HELIX,A-GCC,A-GCC,1454,1454,-63.56428807669908,-39.44704038154579,-63.56428807669908,-39.44704038154579,0.0,0.4854369,0.31238356,False
HELIX,F-TTC,F-TTC,821,821,-66.80033608280273,-39.08955169548191,-66.80033608280273,-39.08955169548191,0.0,0.49019608,0.43530956,False
HELIX,I-ATT,I-ATT,839,839,-65.18541298563409,-42.37949672432614,-65.18541298563409,-42.37949672432614,0.0,0.5049505,0.3645142,False
HELIX,I-ATC,I-ATT,865,839,-64.91561368322942,-42.834793719304606,-65.18541298563409,-42.37949672432614,0.5292324793646634,0.5148515,0.3283471,False
HELIX,G-GGT,G-GGT,332,332,-61.46507041643068,-41.844689497219555,-61.46507041643068,-41.844689497219555,0.0,0.5247525,0.36251163,False
HELIX,K-AAG,K-AAG,1150,1150,-64.77334084281806,-39.26976282163811,-64.77334084281806,-39.26976282163811,0.0,0.5346535,0.3346382,False
HELIX,S-TCA,S-TCC,334,306,-65.73822117629824,-36.3780451421623,-65.18237355145344,-37.34238247560348,1.1130647217094118,0.5445545,0.38719395,False
HELIX,T-ACG,T-ACG,460,460,-66.60477410648693,-39.60723563833927,-66.60477410648693,-39.60723563833927,0.0,0.55445546,0.35894325,False
HELIX,L-CTT,L-CTT,848,848,-65.45454975968927,-39.21230044015079,-65.45454975968927,-39.21230044015079,0.0,0.6138614,0.34273416,False
HELIX,D-GAT,D-GAT,1068,1068,-64.21185148171881,-38.672251042856225,-64.21185148171881,-38.672251042856225,0.0,0.62376237,0.34620297,False
HELIX,A-GCA,A-GCG,1497,1566,-63.57133683192253,-39.34503492138624,-63.462545578822564,-39.33013827880644,0.10980640560190683,0.63366336,0.3277665,False
HELIX,L-CTA,L-TTG,931,911,-65.51311180163296,-38.77627482391552,-65.23714483840777,-38.94010032625286,0.3209307713632619,0.64356434,0.37045795,False
HELIX,L-CTC,L-TTG,849,911,-64.95016761024051,-39.82520746532189,-65.23714483840777,-38.94010032625286,0.9304679344918446,0.6633663,0.37064448,False
HELIX,V-GTG,V-GTG,682,682,-65.72257321290975,-41.93777814541766,-65.72257321290975,-41.93777814541766,0.0,0.6633663,0.3520067,False
HELIX,I-ATC,I-ATC,865,865,-64.91561368322942,-42.834793719304606,-64.91561368322942,-42.834793719304606,0.0,0.6831683,0.27350375,False
HELIX,G-GGC,G-GGC,355,355,-61.593962916257986,-41.480309150283134,-61.593962916257986,-41.480309150283134,0.0,0.7029703,0.36544695,False
HELIX,R-AGA,R-AGA,445,445,-64.36158288870384,-39.30485974868822,-64.36158288870384,-39.30485974868822,0.0,0.7029703,0.3458725,False
HELIX,P-CCT,P-CCT,235,235,-58.647310025287766,-36.89660334923342,-58.647310025287766,-36.89660334923342,0.0,0.7029703,0.24615513,False
HELIX,L-TTA,L-TTA,904,904,-65.37316805572857,-39.26496119865159,-65.37316805572857,-39.26496119865159,0.0,0.7128713,0.36924943,False
HELIX,R-CGG,R-CGG,480,480,-65.1307236609498,-39.48584951640981,-65.1307236609498,-39.48584951640981,0.0,0.7128713,0.33120283,False
HELIX,S-AGC,S-AGC,298,298,-66.17626852852784,-36.691602051484665,-66.17626852852784,-36.691602051484665,0.0,0.7227723,0.38902628,False
HELIX,V-GTA,V-GTG,702,682,-65.75197717728665,-41.811057645746416,-65.72257321290975,-41.93777814541766,0.1300871944428378,0.7227723,0.3335862,False
HELIX,T-ACG,T-ACT,460,423,-66.60477410648693,-39.60723563833927,-67.51116069991514,-39.023247634114014,1.0782294031537925,0.7425743,0.37936142,False
HELIX,S-TCC,S-TCC,306,306,-65.18237355145344,-37.34238247560348,-65.18237355145344,-37.34238247560348,0.0,0.75247526,0.35986492,False
HELIX,G-GGG,G-GGG,349,349,-61.267063232392005,-41.97052548739329,-61.267063232392005,-41.97052548739329,0.0,0.75247526,0.34143215,False
HELIX,H-CAC,H-CAC,458,458,-66.98436869979956,-38.73909810426314,-66.98436869979956,-38.73909810426314,0.0,0.77227724,0.3831599,False
HELIX,V-GTA,V-GTA,702,702,-65.75197717728665,-41.811057645746416,-65.75197717728665,-41.811057645746416,0.0,0.77227724,0.34292403,False
HELIX,P-CCA,P-CCA,222,222,-58.736355201497226,-36.283392380644266,-58.736355201497226,-36.283392380644266,0.0,0.7821782,0.24829102,False
HELIX,W-TGG,W-TGG,660,660,-64.10259577575529,-40.30790376415586,-64.10259577575529,-40.30790376415586,0.0,0.8118812,0.33845314,False
HELIX,L-CTC,L-CTC,849,849,-64.95016761024051,-39.82520746532189,-64.95016761024051,-39.82520746532189,0.0,0.8118812,0.31654006,False
HELIX,M-ATG,M-ATG,1187,1187,-65.39981262368079,-38.89723405902186,-65.39981262368079,-38.89723405902186,0.0,0.83168316,0.3235049,False
HELIX,L-CTT,L-TTA,848,904,-65.45454975968927,-39.21230044015079,-65.37316805572857,-39.26496119865159,0.09693367436255952,0.85148513,0.3502715,False
HELIX,S-TCT,S-TCT,293,293,-66.2804357435597,-36.73656177169627,-66.2804357435597,-36.73656177169627,0.0,0.85148513,0.33622965,False
HELIX,L-CTA,L-CTA,931,931,-65.51311180163296,-38.77627482391552,-65.51311180163296,-38.77627482391552,0.0,0.8712871,0.34722373,False
HELIX,A-GCG,A-GCG,1566,1566,-63.462545578822564,-39.33013827880644,-63.462545578822564,-39.33013827880644,0.0,0.8811881,0.24611966,False
HELIX,N-AAC,N-AAC,698,698,-66.37560076926549,-36.544022154088196,-66.37560076926549,-36.544022154088196,0.0,0.8910891,0.34216735,False
HELIX,P-CCG,P-CCG,237,237,-58.646381119560644,-36.437986882318334,-58.646381119560644,-36.437986882318334,0.0,0.8910891,0.22206593,False
HELIX,Y-TAT,Y-TAT,659,659,-66.75043472072662,-39.25557310363741,-66.75043472072662,-39.25557310363741,0.0,0.980198,0.36737868,False
HELIX,I-ATA,I-ATA,859,859,-65.22941306426732,-42.173395766121004,-65.22941306426732,-42.173395766121004,0.0,0.980198,0.31576744,False
HELIX,R-AGG,R-AGG,426,426,-64.1331130609669,-39.74832685602422,-64.1331130609669,-39.74832685602422,0.0,0.980198,0.26065108,False
HELIX,L-CTG,L-CTG,836,836,-65.55858037093773,-39.055745674184934,-65.55858037093773,-39.055745674184934,0.0,1.0,0.29056805,False
OTHER,C-TGC,C-TGT,89,88,-98.62894931317045,95.9194815713181,-93.25132281356598,55.775785800093104,40.502286070565404,0.00019996,1.6634825,True
OTHER,R-CGA,R-CGC,152,160,-86.97381889081231,30.643370503695408,-93.20755496136454,29.733961551559474,6.299721425549607,0.00019996,1.540275,True
OTHER,R-CGA,R-CGT,152,126,-86.97381889081231,30.643370503695408,-88.21593660270332,8.043089893955385,22.634388439920002,0.00019996,1.5343031,True
OTHER,R-AGA,R-AGG,143,148,-88.72296886555006,30.793177042761297,-92.41558086672322,-0.8100171599118179,31.818190822280886,0.00019996,1.5254058,True
OTHER,R-AGA,R-CGG,143,146,-88.72296886555006,30.793177042761297,-92.5397400454557,24.28993195284413,7.5405529597828655,0.00019996,1.5156454,True
OTHER,R-AGG,R-CGA,148,152,-92.41558086672322,-0.8100171599118179,-86.97381889081231,30.643370503695408,31.920657401119243,0.00019996,1.5145177,True
OTHER,R-CGA,R-CGG,152,146,-86.97381889081231,30.643370503695408,-92.5397400454557,24.28993195284413,8.446636000157103,0.00019996,1.5093642,True
OTHER,R-AGA,R-CGC,143,160,-88.72296886555006,30.793177042761297,-93.20755496136454,29.733961551559474,4.607976769426523,0.00019996,1.5048813,True
OTHER,R-CGC,R-CGG,160,146,-93.20755496136454,29.733961551559474,-92.5397400454557,24.28993195284413,5.484836828347682,0.00019996,1.4989212,True
OTHER,R-AGA,R-CGA,143,152,-88.72296886555006,30.793177042761297,-86.97381889081231,30.643370503695408,1.7555533695310777,0.00019996,1.4981018,True
OTHER,R-CGC,R-CGT,160,126,-93.20755496136454,29.733961551559474,-88.21593660270332,8.043089893955385,22.257811372755768,0.00019996,1.4893281,True
OTHER,R-AGG,R-CGC,148,160,-92.41558086672322,-0.8100171599118179,-93.20755496136454,29.733961551559474,30.554244524998396,0.00019996,1.4854735,True
OTHER,R-AGA,R-CGT,143,126,-88.72296886555006,30.793177042761297,-88.21593660270332,8.043089893955385,22.75573657330897,0.00019996,1.4828596,True
OTHER,R-CGG,R-CGT,146,126,-92.5397400454557,24.28993195284413,-88.21593660270332,8.043089893955385,16.812351206718045,0.00019996,1.4715497,True
OTHER,R-AGG,R-CGT,148,126,-92.41558086672322,-0.8100171599118179,-88.21593660270332,8.043089893955385,9.798699732696598,0.00019996,1.4639621,True
OTHER,R-AGG,R-CGG,148,146,-92.41558086672322,-0.8100171599118179,-92.5397400454557,24.28993195284413,25.10025619320651,0.00019996,1.4586638,True
OTHER,G-GGC,G-GGT,520,500,103.04662687587549,-45.69125396228481,102.37827237502223,-36.07864379989479,9.635817135712706,0.00019996,1.4565752,True
OTHER,G-GGC,G-GGG,520,481,103.04662687587549,-45.69125396228481,101.88909422666592,-22.895169758287093,22.82545370567123,0.00019996,1.4289176,True
OTHER,G-GGA,G-GGC,507,520,102.94057452863271,-63.01846716955585,103.04662687587549,-45.69125396228481,17.327537754412297,0.00019996,1.4277422,True
OTHER,G-GGA,G-GGG,507,481,102.94057452863271,-63.01846716955585,101.88909422666592,-22.895169758287093,40.13707271312334,0.00019996,1.4181087,True
OTHER,G-GGG,G-GGT,481,500,101.88909422666592,-22.895169758287093,102.37827237502223,-36.07864379989479,13.192546496661418,0.00019996,1.4161937,True
OTHER,V-GTG,V-GTT,166,190,-91.64238979229944,9.88302418181999,-96.26057438827937,105.02492286707799,95.25391600558186,0.00019996,1.4152727,True
OTHER,Y-TAC,Y-TAT,281,265,-99.43299235207519,19.810384829089827,-98.91673933384894,39.199913892090976,19.39640055432435,0.00019996,1.397414,True
OTHER,H-CAC,H-CAT,267,232,-97.57910825660447,24.624442174992797,-96.93515802165567,16.26737446130745,8.38184064965522,0.00019996,1.3970107,True
OTHER,V-GTC,V-GTT,184,190,-94.54174362326732,94.95550282280834,-96.26057438827937,105.02492286707799,10.215067264912701,0.00019996,1.3968488,True
OTHER,F-TTC,F-TTT,270,320,-95.08211403945288,33.37840364361112,-93.60561155600371,32.780550355370735,1.5929495088958086,0.00019996,1.3814566,True
OTHER,V-GTA,V-GTC,191,184,-92.66865303585053,64.72722340554212,-94.54174362326732,94.95550282280834,30.286256699648277,0.00019996,1.3727548,True
OTHER,V-GTC,V-GTG,184,166,-94.54174362326732,94.95550282280834,-91.64238979229944,9.88302418181999,85.1218707193314,0.00019996,1.350076,True
OTHER,N-AAC,N-AAT,448,506,-94.46715112734161,31.672929313521035,-95.45650402861796,27.92970731814537,3.871760590471485,0.00019996,1.3464348,True
OTHER,V-GTA,V-GTT,191,190,-92.66865303585053,64.72722340554212,-96.26057438827937,105.02492286707799,40.45746508240848,0.00019996,1.3404366,True
OTHER,V-GTA,V-GTG,191,166,-92.66865303585053,64.72722340554212,-91.64238979229944,9.88302418181999,54.85380027615578,0.00019996,1.3387569,True
OTHER,L-CTC,L-CTG,204,193,-85.68852755317766,8.404256636887318,-80.90535973779608,4.5226208579813445,6.1600154764566355,0.00019996,1.3164912,True
OTHER,L-CTC,L-TTA,204,212,-85.68852755317766,8.404256636887318,-85.22406785942762,7.444984742489353,1.0657979989192314,0.00019996,1.3154403,True
OTHER,S-AGT,S-TCT,190,201,-88.36322280196548,-11.449717605711882,-89.9613436337759,0.15099648608535282,11.71027572829476,0.00019996,1.3058819,True
OTHER,T-ACA,T-ACC,265,233,-99.50009213048139,13.25062333888539,-100.25441139222843,54.437741496403845,41.19402504817937,0.00019996,1.3025373,True
OTHER,T-ACA,T-ACT,265,285,-99.50009213048139,13.25062333888539,-96.80486533304851,69.63797232443038,56.45172604187796,0.00019996,1.3006376,True
OTHER,L-CTA,L-CTC,201,204,-84.05902883232021,30.115393465758835,-85.68852755317766,8.404256636887318,21.772200818549724,0.00019996,1.2986208,True
OTHER,T-ACG,T-ACT,247,285,-97.96187205769199,44.07066180810505,-96.80486533304851,69.63797232443038,25.593476348457823,0.00019996,1.2979864,True
OTHER,I-ATC,I-ATT,201,205,-90.44843174424618,51.996000094543064,-90.77658135273028,82.65863514679249,30.664390920300107,0.00019996,1.2964236,True
OTHER,S-AGC,S-TCT,187,201,-84.55170403753156,-5.620695856692308,-89.9613436337759,0.15099648608535282,7.910539365993497,0.00019996,1.2927835,True
OTHER,S-TCG,S-TCT,193,201,-90.40414479766783,-6.6320650189845445,-89.9613436337759,0.15099648608535282,6.797499264604973,0.00019996,1.2916698,True
OTHER,T-ACC,T-ACG,233,247,-100.25441139222843,54.437741496403845,-97.96187205769199,44.07066180810505,10.617536336831357,0.00019996,1.289348,True
OTHER,T-ACA,T-ACG,265,247,-99.50009213048139,13.25062333888539,-97.96187205769199,44.07066180810505,30.858400675286337,0.00019996,1.2874568,True
OTHER,I-ATA,I-ATT,215,205,-95.52574165623437,111.41929815671973,-90.77658135273028,82.65863514679249,29.150133110484695,0.00019996,1.2871606,True
OTHER,L-CTC,L-TTG,204,222,-85.68852755317766,8.404256636887318,-83.8361802502702,9.878154256941771,2.367184979039601,0.00019996,1.284666,True
OTHER,S-TCC,S-TCT,190,201,-89.56728269980118,-6.766980891886161,-89.9613436337759,0.15099648608535282,6.929191512854197,0.00019996,1.2804195,True
OTHER,I-ATA,I-ATC,215,201,-95.52574165623437,111.41929815671973,-90.44843174424618,51.996000094543064,59.63981412218404,0.00019996,1.2803266,True
OTHER,S-AGT,S-TCG,190,193,-88.36322280196548,-11.449717605711882,-90.40414479766783,-6.6320650189845445,5.232125671172494,0.00019996,1.2789373,True
OTHER,L-CTA,L-CTT,201,219,-84.05902883232021,30.115393465758835,-84.54800890519058,3.252899363446552,26.866944204885424,0.00019996,1.2767402,True
OTHER,S-TCA,S-TCT,204,201,-84.99665671101205,-0.8887634247090999,-89.9613436337759,0.15099648608535282,5.072397550779874,0.00019996,1.275349,True
OTHER,L-CTG,L-TTA,193,212,-80.90535973779608,4.5226208579813445,-85.22406785942762,7.444984742489353,5.214542215125223,0.00019996,1.2745774,True
OTHER,L-CTA,L-CTG,201,193,-84.05902883232021,30.115393465758835,-80.90535973779608,4.5226208579813445,25.786345970516305,0.00019996,1.2674865,True
OTHER,L-CTT,L-TTG,219,222,-84.54800890519058,3.252899363446552,-83.8361802502702,9.878154256941771,6.663385208566897,0.00019996,1.2555579,True
OTHER,L-CTA,L-TTA,201,212,-84.05902883232021,30.115393465758835,-85.22406785942762,7.444984742489353,22.7003248350057,0.00019996,1.2530284,True
OTHER,S-AGC,S-TCC,187,190,-84.55170403753156,-5.620695856692308,-89.56728269980118,-6.766980891886161,5.1449002613581944,0.00019996,1.248161,True
OTHER,S-AGC,S-TCG,187,193,-84.55170403753156,-5.620695856692308,-90.40414479766783,-6.6320650189845445,5.939186007639425,0.00019996,1.2479266,True
OTHER,L-CTT,L-TTA,219,212,-84.54800890519058,3.252899363446552,-85.22406785942762,7.444984742489353,4.2462495846085755,0.00019996,1.247738,True
OTHER,L-CTC,L-CTT,204,219,-85.68852755317766,8.404256636887318,-84.54800890519058,3.252899363446552,5.276103159059471,0.00019996,1.2476972,True
OTHER,L-CTA,L-TTG,201,222,-84.05902883232021,30.115393465758835,-83.8361802502702,9.878154256941771,20.238466154464483,0.00019996,1.2446755,True
OTHER,L-TTA,L-TTG,212,222,-85.22406785942762,7.444984742489353,-83.8361802502702,9.878154256941771,2.801168667130438,0.00019996,1.2442101,True
OTHER,S-AGC,S-AGT,187,190,-84.55170403753156,-5.620695856692308,-88.36322280196548,-11.449717605711882,6.964565301738154,0.00019996,1.2434916,True
OTHER,T-ACC,T-ACT,233,285,-100.25441139222843,54.437741496403845,-96.80486533304851,69.63797232443038,15.586737479013753,0.00019996,1.2379893,True
OTHER,S-AGT,S-TCC,190,190,-88.36322280196548,-11.449717605711882,-89.56728269980118,-6.766980891886161,4.835057742011716,0.00019996,1.2375766,True
OTHER,Q-CAA,Q-CAG,355,364,-91.30577074924453,16.67365289616003,-90.2224139544213,1.9139182566239497,14.79944014395176,0.00019996,1.2354307,True
OTHER,S-TCA,S-TCC,204,190,-84.99665671101205,-0.8887634247090999,-89.56728269980118,-6.766980891886161,7.446076988644432,0.00019996,1.2328533,True
OTHER,S-AGC,S-TCA,187,204,-84.55170403753156,-5.620695856692308,-84.99665671101205,-0.8887634247090999,4.752806268142217,0.00019996,1.2302281,True
OTHER,S-TCA,S-TCG,204,193,-84.99665671101205,-0.8887634247090999,-90.40414479766783,-6.6320650189845445,7.888373762071052,0.00019996,1.2280527,True
OTHER,S-AGT,S-TCA,190,204,-88.36322280196548,-11.449717605711882,-84.99665671101205,-0.8887634247090999,11.084562258294083,0.00019996,1.224673,True
OTHER,L-CTG,L-CTT,193,219,-80.90535973779608,4.5226208579813445,-84.54800890519058,3.252899363446552,3.8576010201164737,0.00019996,1.223237,True
OTHER,S-TCC,S-TCG,190,193,-89.56728269980118,-6.766980891886161,-90.40414479766783,-6.6320650189845445,0.8476676610597826,0.00019996,1.2181995,True
OTHER,L-CTG,L-TTG,193,222,-80.90535973779608,4.5226208579813445,-83.8361802502702,9.878154256941771,6.10503455057543,0.00019996,1.2127286,True
OTHER,K-AAA,K-AAG,462,418,-87.78099015635692,-6.9451036877036305,-88.24616018978064,-7.2160786364191924,0.5383405825560849,0.00019996,1.2043891,True
OTHER,A-GCC,A-GCT,320,340,-78.42072133285302,-15.519992964209854,-77.46334737727068,-13.835598305445716,1.9374597434012777,0.00019996,1.1016445,True
OTHER,A-GCC,A-GCG,320,300,-78.42072133285302,-15.519992964209854,-77.12706984367426,-13.113064182774979,2.7325519820039985,0.00019996,1.0925066,True
OTHER,A-GCA,A-GCT,351,340,-77.30169045999482,-13.036498615952782,-77.46334737727068,-13.835598305445716,0.8152872332195806,0.00019996,1.0899148,True
OTHER,A-GCA,A-GCG,351,300,-77.30169045999482,-13.036498615952782,-77.12706984367426,-13.113064182774979,0.1906689425862838,0.00019996,1.0743898,True
OTHER,A-GCA,A-GCC,351,320,-77.30169045999482,-13.036498615952782,-78.42072133285302,-15.519992964209854,2.7239629718912517,0.00019996,1.0582006,True
OTHER,P-CCA,P-CCG,233,215,-67.4278255618518,-11.50558769934894,-64.85203145224577,-16.81313901939003,5.89956068787762,0.00019996,0.9133078,True
OTHER,P-CCG,P-CCT,215,235,-64.85203145224577,-16.81313901939003,-65.80967861539492,-11.865096413859854,5.03986246987251,0.00019996,0.8861465,True
OTHER,P-CCA,P-CCC,233,219,-67.4278255618518,-11.50558769934894,-65.93221220910495,-17.055252149994054,5.747663422267247,0.00019996,0.8636353,True
OTHER,P-CCC,P-CCG,219,215,-65.93221220910495,-17.055252149994054,-64.85203145224577,-16.81313901939003,1.106982039375412,0.00019996,0.84895176,True
OTHER,P-CCC,P-CCT,219,235,-65.93221220910495,-17.055252149994054,-65.80967861539492,-11.865096413859854,5.191601973082513,0.00019996,0.8404386,True
OTHER,G-GGA,G-GGT,507,500,102.94057452863271,-63.01846716955585,102.37827237502223,-36.07864379989479,26.945691063702387,0.00039992,1.4145645,True
OTHER,A-GCG,A-GCT,300,340,-77.12706984367426,-13.113064182774979,-77.46334737727068,-13.835598305445716,0.7969555433179794,0.00039992,1.1336894,True
OTHER,P-CCA,P-CCT,233,235,-67.4278255618518,-11.50558769934894,-65.80967861539492,-11.865096413859854,1.6576025024525782,0.0013997201,0.8349167,True
OTHER,E-GAA,E-GAG,536,543,-81.40905203813865,-11.84264814337896,-80.9687848744288,-11.222548075238198,0.7604993556534401,0.0041991603,1.1112738,True
OTHER,D-GAC,D-GAT,725,716,-88.31418204372478,2.00381485860213,-87.57435644339652,0.07708600856065315,2.0638861355421816,0.01279744,1.1930391,True
OTHER,T-ACG,T-ACG,247,247,-97.96187205769199,44.07066180810505,-97.96187205769199,44.07066180810505,0.0,0.13715711,0.8821968,False
OTHER,S-AGC,S-AGC,187,187,-84.55170403753156,-5.620695856692308,-84.55170403753156,-5.620695856692308,0.0,0.15284973,0.8234349,False
OTHER,H-CAC,H-CAC,267,267,-97.57910825660447,24.624442174992797,-97.57910825660447,24.624442174992797,0.0,0.16209476,0.9422635,False
OTHER,R-CGG,R-CGG,146,146,-92.5397400454557,24.28993195284413,-92.5397400454557,24.28993195284413,0.0,0.17206983,0.991383,False
OTHER,P-CCC,P-CCC,219,219,-65.93221220910495,-17.055252149994054,-65.93221220910495,-17.055252149994054,0.0,0.18662953,0.5968605,False
OTHER,M-ATG,M-ATG,308,308,-86.8441545796088,32.37884985480936,-86.8441545796088,32.37884985480936,0.0,0.21372032,0.927308,False
OTHER,V-GTG,V-GTG,166,166,-91.64238979229944,9.88302418181999,-91.64238979229944,9.88302418181999,0.0,0.25249168,0.83833134,False
OTHER,N-AAT,N-AAT,506,506,-95.45650402861796,27.92970731814537,-95.45650402861796,27.92970731814537,0.0,0.26147705,1.0633152,False
OTHER,T-ACT,T-ACT,285,285,-96.80486533304851,69.63797232443038,-96.80486533304851,69.63797232443038,0.0,0.26737967,0.87267786,False
OTHER,Q-CAG,Q-CAG,364,364,-90.2224139544213,1.9139182566239497,-90.2224139544213,1.9139182566239497,0.0,0.27906978,0.90493834,False
OTHER,T-ACA,T-ACA,265,265,-99.50009213048139,13.25062333888539,-99.50009213048139,13.25062333888539,0.0,0.28248587,0.86899716,False
OTHER,R-CGT,R-CGT,126,126,-88.21593660270332,8.043089893955385,-88.21593660270332,8.043089893955385,0.0,0.2840909,0.9188374,False
OTHER,G-GGA,G-GGA,507,507,102.94057452863271,-63.01846716955585,102.94057452863271,-63.01846716955585,0.0,0.28901735,1.0826054,False
OTHER,H-CAT,H-CAT,232,232,-96.93515802165567,16.26737446130745,-96.93515802165567,16.26737446130745,0.0,0.28901735,0.9160054,False
OTHER,K-AAA,K-AAA,462,462,-87.78099015635692,-6.9451036877036305,-87.78099015635692,-6.9451036877036305,0.0,0.30232558,0.9297609,False
OTHER,R-AGA,R-AGA,143,143,-88.72296886555006,30.793177042761297,-88.72296886555006,30.793177042761297,0.0,0.31229237,0.9122399,False
OTHER,L-CTC,L-CTC,204,204,-85.68852755317766,8.404256636887318,-85.68852755317766,8.404256636887318,0.0,0.3164557,0.7896504,False
OTHER,A-GCA,A-GCA,351,351,-77.30169045999482,-13.036498615952782,-77.30169045999482,-13.036498615952782,0.0,0.31847134,0.8235939,False
OTHER,A-GCT,A-GCT,340,340,-77.46334737727068,-13.835598305445716,-77.46334737727068,-13.835598305445716,0.0,0.32467532,0.8183629,False
OTHER,S-TCC,S-TCC,190,190,-89.56728269980118,-6.766980891886161,-89.56728269980118,-6.766980891886161,0.0,0.32894737,0.8105382,False
OTHER,E-GAA,E-GAA,536,536,-81.40905203813865,-11.84264814337896,-81.40905203813865,-11.84264814337896,0.0,0.33112583,0.90317,False
OTHER,E-GAG,E-GAG,543,543,-80.9687848744288,-11.222548075238198,-80.9687848744288,-11.222548075238198,0.0,0.33112583,0.86187136,False
OTHER,V-GTT,V-GTT,190,190,-96.26057438827937,105.02492286707799,-96.26057438827937,105.02492286707799,0.0,0.35714287,0.8899779,False
OTHER,T-ACC,T-ACC,233,233,-100.25441139222843,54.437741496403845,-100.25441139222843,54.437741496403845,0.0,0.3649635,0.87187845,False
OTHER,Y-TAC,Y-TAC,281,281,-99.43299235207519,19.810384829089827,-99.43299235207519,19.810384829089827,0.0,0.36764705,0.93502206,False
OTHER,S-TCA,S-TCA,204,204,-84.99665671101205,-0.8887634247090999,-84.99665671101205,-0.8887634247090999,0.0,0.37037036,0.79047763,False
OTHER,R-CGC,R-CGC,160,160,-93.20755496136454,29.733961551559474,-93.20755496136454,29.733961551559474,0.0,0.3846154,0.9521613,False
OTHER,G-GGT,G-GGT,500,500,102.37827237502223,-36.07864379989479,102.37827237502223,-36.07864379989479,0.0,0.38870433,1.0809103,False
OTHER,C-TGC,C-TGC,89,89,-98.62894931317045,95.9194815713181,-98.62894931317045,95.9194815713181,0.0,0.39370078,0.9793934,False
OTHER,L-TTG,L-TTG,222,222,-83.8361802502702,9.878154256941771,-83.8361802502702,9.878154256941771,0.0,0.40199336,0.7790831,False
OTHER,C-TGT,C-TGT,88,88,-93.25132281356598,55.775785800093104,-93.25132281356598,55.775785800093104,0.0,0.42524916,0.9202021,False
OTHER,V-GTC,V-GTC,184,184,-94.54174362326732,94.95550282280834,-94.54174362326732,94.95550282280834,0.0,0.44247788,0.850437,False
OTHER,P-CCT,P-CCT,235,235,-65.80967861539492,-11.865096413859854,-65.80967861539492,-11.865096413859854,0.0,0.4587156,0.59757066,False
OTHER,I-ATC,I-ATC,201,201,-90.44843174424618,51.996000094543064,-90.44843174424618,51.996000094543064,0.0,0.47619048,0.78085095,False
OTHER,S-TCT,S-TCT,201,201,-89.9613436337759,0.15099648608535282,-89.9613436337759,0.15099648608535282,0.0,0.4854369,0.8056212,False
OTHER,D-GAC,D-GAC,725,725,-88.31418204372478,2.00381485860213,-88.31418204372478,2.00381485860213,0.0,0.5148515,1.0585103,False
OTHER,N-AAC,N-AAC,448,448,-94.46715112734161,31.672929313521035,-94.46715112734161,31.672929313521035,0.0,0.5148515,1.0214944,False
OTHER,F-TTC,F-TTC,270,270,-95.08211403945288,33.37840364361112,-95.08211403945288,33.37840364361112,0.0,0.5445545,0.91167474,False
OTHER,L-TTA,L-TTA,212,212,-85.22406785942762,7.444984742489353,-85.22406785942762,7.444984742489353,0.0,0.56435645,0.77704185,False
OTHER,L-CTG,L-CTG,193,193,-80.90535973779608,4.5226208579813445,-80.90535973779608,4.5226208579813445,0.0,0.6039604,0.7379252,False
OTHER,P-CCA,P-CCA,233,233,-67.4278255618518,-11.50558769934894,-67.4278255618518,-11.50558769934894,0.0,0.6633663,0.5775437,False
OTHER,V-GTA,V-GTA,191,191,-92.66865303585053,64.72722340554212,-92.66865303585053,64.72722340554212,0.0,0.6732673,0.81084543,False
OTHER,A-GCG,A-GCG,300,300,-77.12706984367426,-13.113064182774979,-77.12706984367426,-13.113064182774979,0.0,0.7029703,0.8092161,False
OTHER,S-AGT,S-AGT,190,190,-88.36322280196548,-11.449717605711882,-88.36322280196548,-11.449717605711882,0.0,0.7326733,0.7051139,False
OTHER,L-CTT,L-CTT,219,219,-84.54800890519058,3.252899363446552,-84.54800890519058,3.252899363446552,0.0,0.75247526,0.7677542,False
OTHER,D-GAT,D-GAT,716,716,-87.57435644339652,0.07708600856065315,-87.57435644339652,0.07708600856065315,0.0,0.7821782,1.0139387,False
OTHER,A-GCC,A-GCC,320,320,-78.42072133285302,-15.519992964209854,-78.42072133285302,-15.519992964209854,0.0,0.7920792,0.73580956,False
OTHER,R-AGG,R-AGG,148,148,-92.41558086672322,-0.8100171599118179,-92.41558086672322,-0.8100171599118179,0.0,0.8217822,0.8911516,False
OTHER,Q-CAA,Q-CAA,355,355,-91.30577074924453,16.67365289616003,-91.30577074924453,16.67365289616003,0.0,0.8217822,0.81129146,False
OTHER,P-CCG,P-CCG,215,215,-64.85203145224577,-16.81313901939003,-64.85203145224577,-16.81313901939003,0.0,0.83168316,0.5151533,False
OTHER,F-TTT,F-TTT,320,320,-93.60561155600371,32.780550355370735,-93.60561155600371,32.780550355370735,0.0,0.8712871,0.8676448,False
OTHER,G-GGC,G-GGC,520,520,103.04662687587549,-45.69125396228481,103.04662687587549,-45.69125396228481,0.0,0.9108911,1.0236946,False
OTHER,G-GGG,G-GGG,481,481,101.88909422666592,-22.895169758287093,101.88909422666592,-22.895169758287093,0.0,0.9108911,0.9801346,False
OTHER,R-CGA,R-CGA,152,152,-86.97381889081231,30.643370503695408,-86.97381889081231,30.643370503695408,0.0,0.9108911,0.8220347,False
OTHER,K-AAG,K-AAG,418,418,-88.24616018978064,-7.2160786364191924,-88.24616018978064,-7.2160786364191924,0.0,0.9306931,0.83825386,False
OTHER,W-TGG,W-TGG,251,251,-83.1234431801902,-8.168312874651106,-83.1234431801902,-8.168312874651106,0.0,0.9306931,0.73381126,False
OTHER,I-ATA,I-ATA,215,215,-95.52574165623437,111.41929815671973,-95.52574165623437,111.41929815671973,0.0,0.95049506,0.708698,False
OTHER,Y-TAT,Y-TAT,265,265,-98.91673933384894,39.199913892090976,-98.91673933384894,39.199913892090976,0.0,0.96039605,0.8295727,False
OTHER,S-TCG,S-TCG,193,193,-90.40414479766783,-6.6320650189845445,-90.40414479766783,-6.6320650189845445,0.0,0.96039605,0.6973814,False
OTHER,I-ATT,I-ATT,205,205,-90.77658135273028,82.65863514679249,-90.77658135273028,82.65863514679249,0.0,0.990099,0.689833,False
OTHER,L-CTA,L-CTA,201,201,-84.05902883232021,30.115393465758835,-84.05902883232021,30.115393465758835,0.0,0.990099,0.6328592,False
SHEET,G-GGA,G-GGG,378,372,-148.08380143267237,168.06681758548697,-150.87688435034403,168.71713355674223,2.8677906212725617,0.00019996,1.3901645,True
SHEET,G-GGG,G-GGT,372,369,-150.87688435034403,168.71713355674223,-154.6848377560312,170.88039107066868,4.379519632498946,0.00019996,1.3882369,True
SHEET,G-GGC,G-GGG,363,372,-157.19079318137386,171.72497128229742,-150.87688435034403,168.71713355674223,6.993749531533817,0.00019996,1.3839426,True
SHEET,G-GGA,G-GGC,378,363,-148.08380143267237,168.06681758548697,-157.19079318137386,171.72497128229742,9.814244096230988,0.00019996,1.3807886,True
SHEET,G-GGA,G-GGT,378,369,-148.08380143267237,168.06681758548697,-154.6848377560312,170.88039107066868,7.1756446608524325,0.00019996,1.3793668,True
SHEET,G-GGC,G-GGT,363,369,-157.19079318137386,171.72497128229742,-154.6848377560312,170.88039107066868,2.6444523682001115,0.00019996,1.3633314,True
SHEET,C-TGC,C-TGT,168,171,-122.27022161563306,138.17806004167292,-121.30238381024225,138.5588294275228,1.0400458368476753,0.00019996,1.2500539,True
SHEET,D-GAC,D-GAT,446,446,-107.3245041266487,127.16517230697107,-106.82637160029051,130.7458716585936,3.615182410408336,0.00019996,1.2315612,True
SHEET,N-AAC,N-AAT,357,365,-110.16566474588808,129.4400897534489,-112.13153662299032,130.46658522343176,2.2177342462695684,0.00019996,1.2135812,True
SHEET,R-AGA,R-AGG,211,211,-115.8303640963082,134.85815097293985,-117.60222445003623,134.73190175632132,1.7763524362608905,0.00019996,1.1842909,True
SHEET,R-AGG,R-CGC,211,203,-117.60222445003623,134.73190175632132,-119.31578230900902,133.47719600578998,2.123809562193339,0.00019996,1.1776022,True
SHEET,S-AGT,S-TCT,191,197,-125.9174470097715,144.99793562603895,-125.40045633111488,144.26084893156786,0.9003200303137457,0.00019996,1.1772128,True
SHEET,R-AGA,R-CGC,211,203,-115.8303640963082,134.85815097293985,-119.31578230900902,133.47719600578998,3.7490234380065552,0.00019996,1.1748228,True
SHEET,R-AGA,R-CGT,211,184,-115.8303640963082,134.85815097293985,-119.67380716492275,137.1042450211202,4.451628139788012,0.00019996,1.1660924,True
SHEET,S-AGT,S-TCC,191,223,-125.9174470097715,144.99793562603895,-124.7891407400204,144.95159962270958,1.1292573061814346,0.00019996,1.1660087,True
SHEET,S-AGC,S-TCT,206,197,-125.46646327925389,148.61389241415705,-125.40045633111488,144.26084893156786,4.353543898769713,0.00019996,1.1642019,True
SHEET,S-AGT,S-TCG,191,210,-125.9174470097715,144.99793562603895,-123.73257877731113,145.1508908823122,2.190215629484018,0.00019996,1.1635144,True
SHEET,R-CGA,R-CGC,197,203,-115.77003986555864,135.36014255617908,-119.31578230900902,133.47719600578998,4.0146951549162155,0.00019996,1.1560742,True
SHEET,R-AGA,R-CGA,211,197,-115.8303640963082,134.85815097293985,-115.77003986555864,135.36014255617908,0.5056031669783936,0.00019996,1.1556336,True
SHEET,S-AGC,S-TCC,206,223,-125.46646327925389,148.61389241415705,-124.7891407400204,144.95159962270958,3.724399859365512,0.00019996,1.1527977,True
SHEET,S-TCC,S-TCG,223,210,-124.7891407400204,144.95159962270958,-123.73257877731113,145.1508908823122,1.0751930929828715,0.00019996,1.1518785,True
SHEET,R-AGG,R-CGT,211,184,-117.60222445003623,134.73190175632132,-119.67380716492275,137.1042450211202,3.14951861570196,0.00019996,1.1505282,True
SHEET,S-TCA,S-TCT,217,197,-123.4752309097634,146.85327455180288,-125.40045633111488,144.26084893156786,3.229111877818569,0.00019996,1.1423284,True
SHEET,S-TCA,S-TCG,217,210,-123.4752309097634,146.85327455180288,-123.73257877731113,145.1508908823122,1.7217253216119717,0.00019996,1.1411752,True
SHEET,R-AGA,R-CGG,211,199,-115.8303640963082,134.85815097293985,-112.79167440627205,136.67017283898755,3.537945487902117,0.00019996,1.1386203,True
SHEET,S-TCA,S-TCC,217,223,-123.4752309097634,146.85327455180288,-124.7891407400204,144.95159962270958,2.3114338792160987,0.00019996,1.1330562,True
SHEET,S-AGT,S-TCA,191,217,-125.9174470097715,144.99793562603895,-123.4752309097634,146.85327455180288,3.0670347256908586,0.00019996,1.1308981,True
SHEET,S-AGC,S-TCG,206,210,-125.46646327925389,148.61389241415705,-123.73257877731113,145.1508908823122,3.87282004173148,0.00019996,1.1296368,True
SHEET,S-TCG,S-TCT,210,197,-123.73257877731113,145.1508908823122,-125.40045633111488,144.26084893156786,1.8904999890418466,0.00019996,1.1250263,True
SHEET,S-AGC,S-AGT,206,191,-125.46646327925389,148.61389241415705,-125.9174470097715,144.99793562603895,3.6439717093755015,0.00019996,1.1227577,True
SHEET,R-CGA,R-CGT,197,184,-115.77003986555864,135.36014255617908,-119.67380716492275,137.1042450211202,4.2756628183005905,0.00019996,1.119586,True
SHEET,R-CGC,R-CGT,203,184,-119.31578230900902,133.47719600578998,-119.67380716492275,137.1042450211202,3.644676440654218,0.00019996,1.1155843,True
SHEET,S-TCC,S-TCT,223,197,-124.7891407400204,144.95159962270958,-125.40045633111488,144.26084893156786,0.9224116593083437,0.00019996,1.115526,True
SHEET,R-CGG,R-CGT,199,184,-112.79167440627205,136.67017283898755,-119.67380716492275,137.1042450211202,6.89580814459005,0.00019996,1.115101,True
SHEET,S-AGC,S-TCA,206,217,-125.46646327925389,148.61389241415705,-123.4752309097634,146.85327455180288,2.6579656894977717,0.00019996,1.1079373,True
SHEET,R-CGA,R-CGG,197,199,-115.77003986555864,135.36014255617908,-112.79167440627205,136.67017283898755,3.2537424838094666,0.00019996,1.1042197,True
SHEET,R-AGG,R-CGG,211,199,-117.60222445003623,134.73190175632132,-112.79167440627205,136.67017283898755,5.186355802821431,0.00019996,1.1006948,True
SHEET,R-CGC,R-CGG,203,199,-119.31578230900902,133.47719600578998,-112.79167440627205,136.67017283898755,7.2635449323241135,0.00019996,1.0981786,True
SHEET,R-AGG,R-CGA,211,197,-117.60222445003623,134.73190175632132,-115.77003986555864,135.36014255617908,1.9369013537615225,0.00019996,1.0933605,True
SHEET,H-CAC,H-CAT,310,309,-118.25947989348822,132.9017798889731,-123.22122983490895,133.93283792532154,5.067745372007897,0.00019996,1.0916446,True
SHEET,P-CCC,P-CCG,133,158,-69.82525611147213,139.27313061092272,-70.58905567578715,143.58785673226816,4.38180913284324,0.00019996,0.8382283,True
SHEET,P-CCA,P-CCT,139,138,-71.15786699967664,141.4027835941327,-68.32322238090546,141.26470448987172,2.8380056296212546,0.00019996,0.82857835,True
SHEET,P-CCG,P-CCT,158,138,-70.58905567578715,143.58785673226816,-68.32322238090546,141.26470448987172,3.2451559071246496,0.00019996,0.81150705,True
SHEET,L-CTT,L-TTG,489,470,-109.07428930897926,127.93949719279709,-112.1430454917418,129.4326858283886,3.4127520874952135,0.00039992,1.0079021,True
SHEET,Q-CAA,Q-CAG,431,426,-116.66456242039854,135.19206526108343,-119.54628753311862,136.10930502510277,3.024180617949238,0.00059988,1.0304128,True
SHEET,L-CTT,L-TTA,489,487,-109.07428930897926,127.93949719279709,-109.42116046597836,131.3139248314852,3.392208939363873,0.00059988,1.0011642,True
SHEET,L-CTA,L-TTG,479,470,-108.91583575042414,130.29837132455268,-112.1430454917418,129.4326858283886,3.341301257403245,0.00079984,1.0152076,True
SHEET,P-CCA,P-CCC,139,133,-71.15786699967664,141.4027835941327,-69.82525611147213,139.27313061092272,2.512224832346093,0.00079984,0.81720436,True
SHEET,L-CTA,L-CTC,479,485,-108.91583575042414,130.29837132455268,-111.41998117563674,130.94005393669704,2.5850533621845457,0.0009998,0.98787206,True
SHEET,A-GCC,A-GCT,507,468,-123.49346751484732,141.99918205207987,-124.65301506986205,140.1025614629724,2.2229980187501366,0.00119976,1.01297,True
SHEET,A-GCA,A-GCC,442,507,-122.14432756885138,144.31195240693788,-123.49346751484732,141.99918205207987,2.6775147633938463,0.0013997201,1.0416158,True
SHEET,P-CCC,P-CCT,133,138,-69.82525611147213,139.27313061092272,-68.32322238090546,141.26470448987172,2.4944882928312166,0.0013997201,0.8030827,True
SHEET,L-CTC,L-CTG,485,482,-111.41998117563674,130.94005393669704,-109.25647777490018,131.40536740409334,2.2129761833194257,0.00159968,0.9585482,True
SHEET,A-GCA,A-GCT,442,468,-122.14432756885138,144.31195240693788,-124.65301506986205,140.1025614629724,4.900253574751605,0.0017996401,1.0161691,True
SHEET,L-CTG,L-CTT,482,489,-109.25647777490018,131.40536740409334,-109.07428930897926,127.93949719279709,3.470655407652182,0.0019996,0.9870758,True
SHEET,L-CTA,L-TTA,479,487,-108.91583575042414,130.29837132455268,-109.42116046597836,131.3139248314852,1.1343288736485941,0.0019996,0.96012145,True
SHEET,T-ACA,T-ACC,412,498,-118.19750275695952,140.21433067855048,-118.43173726435593,142.1218249288166,1.9218220831423571,0.00239952,0.9805385,True
SHEET,T-ACG,T-ACT,459,481,-117.0334882582276,141.19311044699165,-117.63875230171746,140.83008589260547,0.7057842371638557,0.0027994402,0.98924357,True
SHEET,K-AAA,K-AAG,519,511,-113.15499948898172,134.97949611373429,-114.42505267457807,135.9699964867912,1.610629095499439,0.0029994,1.0107347,True
SHEET,L-CTG,L-TTG,482,470,-109.25647777490018,131.40536740409334,-112.1430454917418,129.4326858283886,3.4962473858463134,0.00319936,0.9551835,True
SHEET,P-CCA,P-CCG,139,158,-71.15786699967664,141.4027835941327,-70.58905567578715,143.58785673226816,2.2578952458398196,0.0033993202,0.7607077,True
SHEET,T-ACC,T-ACG,498,459,-118.43173726435593,142.1218249288166,-117.0334882582276,141.19311044699165,1.6785740591020384,0.0035992803,0.9758345,True
SHEET,T-ACA,T-ACT,412,481,-118.19750275695952,140.21433067855048,-117.63875230171746,140.83008589260547,0.8314785354229649,0.00379924,0.9596806,True
SHEET,L-CTA,L-CTT,479,489,-108.91583575042414,130.29837132455268,-109.07428930897926,127.93949719279709,2.364190072664323,0.0041991603,0.9870451,True
SHEET,Y-TAC,Y-TAT,585,573,-120.92429185854702,138.19413830697914,-122.18062319410083,138.52167319843792,1.2983248937832668,0.00479904,0.9893071,True
SHEET,L-TTA,L-TTG,487,470,-109.42116046597836,131.3139248314852,-112.1430454917418,129.4326858283886,3.30873363694438,0.00479904,0.956883,True
SHEET,L-CTG,L-TTA,482,487,-109.25647777490018,131.40536740409334,-109.42116046597836,131.3139248314852,0.18836701628985814,0.0053989203,0.95010084,True
SHEET,L-CTC,L-CTT,485,489,-111.41998117563674,130.94005393669704,-109.07428930897926,127.93949719279709,3.808623256068601,0.0057988404,0.99826795,True
SHEET,L-CTC,L-TTG,485,470,-111.41998117563674,130.94005393669704,-112.1430454917418,129.4326858283886,1.6718195534117566,0.00739852,0.9654969,True
SHEET,A-GCA,A-GCG,442,493,-122.14432756885138,144.31195240693788,-122.38104826510569,140.50160843504122,3.8176901226008955,0.0077984403,1.0114343,True
SHEET,L-CTA,L-CTG,479,482,-108.91583575042414,130.29837132455268,-109.25647777490018,131.40536740409334,1.1582216147860047,0.008798241,0.9546268,True
SHEET,T-ACC,T-ACT,498,481,-118.43173726435593,142.1218249288166,-117.63875230171746,140.83008589260547,1.5157225632161273,0.00919816,0.9520541,True
SHEET,E-GAA,E-GAG,607,550,-115.50400399738665,134.83516055619359,-117.28160171001748,135.9303404084701,2.0878870986676503,0.00959808,0.9875594,True
SHEET,L-CTC,L-TTA,485,487,-111.41998117563674,130.94005393669704,-109.42116046597836,131.3139248314852,2.0334855975218837,0.011361054,0.9260769,True
SHEET,A-GCG,A-GCT,493,468,-122.38104826510569,140.50160843504122,-124.65301506986205,140.1025614629724,2.3067448163661557,0.014440433,0.9556602,True
SHEET,T-ACA,T-ACG,412,459,-118.19750275695952,140.21433067855048,-117.0334882582276,141.19311044699165,1.520835161471437,0.016661113,0.9755597,True
SHEET,A-GCC,A-GCG,507,493,-123.49346751484732,141.99918205207987,-122.38104826510569,140.50160843504122,1.8655303068151932,0.019635845,1.0011364,True
SHEET,F-TTC,F-TTT,665,703,-119.3730739357671,137.02924954403346,-121.01516069526488,138.27039053887316,2.058368260246356,0.024079964,0.98323494,True
SHEET,V-GTA,V-GTC,963,938,-116.79623480721804,130.57600485393536,-116.1331600425932,130.60388568612737,0.6636606695337627,0.05294705,0.81061363,False
SHEET,V-GTC,V-GTG,938,913,-116.1331600425932,130.60388568612737,-117.52709236916608,131.53974454582416,1.6789517969071943,0.07974138,0.82436806,False
SHEET,I-ATC,I-ATT,906,891,-113.64917050562131,127.41682379675103,-113.09331605058733,127.45469036550958,0.557142757478428,0.08687783,0.7822608,False
SHEET,L-CTT,L-CTT,489,489,-109.07428930897926,127.93949719279709,-109.07428930897926,127.93949719279709,0.0,0.123128116,0.83065844,False
SHEET,V-GTC,V-GTT,938,909,-116.1331600425932,130.60388568612737,-116.65745902366172,130.59981489338202,0.5243147841736512,0.12468828,0.7831236,False
SHEET,E-GAG,E-GAG,550,550,-117.28160171001748,135.9303404084701,-117.28160171001748,135.9303404084701,0.0,0.13216957,0.8677297,False
SHEET,V-GTA,V-GTT,963,909,-116.79623480721804,130.57600485393536,-116.65745902366172,130.59981489338202,0.1408035371719121,0.1420765,0.75653577,False
SHEET,V-GTA,V-GTA,963,963,-116.79623480721804,130.57600485393536,-116.79623480721804,130.57600485393536,0.0,0.1446384,0.75185096,False
SHEET,I-ATA,I-ATT,885,891,-113.5061121934554,127.46578259272168,-113.09331605058733,127.45469036550958,0.41294514535380267,0.14962594,0.79237103,False
SHEET,V-GTA,V-GTG,963,913,-116.79623480721804,130.57600485393536,-117.52709236916608,131.53974454582416,1.2095234473041674,0.18363273,0.77230865,False
SHEET,N-AAC,N-AAC,357,357,-110.16566474588808,129.4400897534489,-110.16566474588808,129.4400897534489,0.0,0.19560878,0.9041436,False
SHEET,T-ACA,T-ACA,412,412,-118.19750275695952,140.21433067855048,-118.19750275695952,140.21433067855048,0.0,0.20199502,0.8098137,False
SHEET,I-ATA,I-ATC,885,906,-113.5061121934554,127.46578259272168,-113.64917050562131,127.41682379675103,0.1512039826944279,0.21197008,0.73986715,False
SHEET,R-CGA,R-CGA,197,197,-115.77003986555864,135.36014255617908,-115.77003986555864,135.36014255617908,0.0,0.22591361,0.7706685,False
SHEET,L-TTA,L-TTA,487,487,-109.42116046597836,131.3139248314852,-109.42116046597836,131.3139248314852,0.0,0.24438202,0.75099176,False
SHEET,R-CGT,R-CGT,184,184,-119.67380716492275,137.1042450211202,-119.67380716492275,137.1042450211202,0.0,0.25510204,0.7523199,False
SHEET,T-ACC,T-ACC,498,498,-118.43173726435593,142.1218249288166,-118.43173726435593,142.1218249288166,0.0,0.26245847,0.80258095,False
SHEET,N-AAT,N-AAT,365,365,-112.13153662299032,130.46658522343176,-112.13153662299032,130.46658522343176,0.0,0.27714285,0.898332,False
SHEET,D-GAC,D-GAC,446,446,-107.3245041266487,127.16517230697107,-107.3245041266487,127.16517230697107,0.0,0.2866242,0.9861242,False
SHEET,I-ATT,I-ATT,891,891,-113.09331605058733,127.45469036550958,-113.09331605058733,127.45469036550958,0.0,0.30864197,0.7092879,False
SHEET,V-GTC,V-GTC,938,938,-116.1331600425932,130.60388568612737,-116.1331600425932,130.60388568612737,0.0,0.3156146,0.7227823,False
SHEET,S-TCT,S-TCT,197,197,-125.40045633111488,144.26084893156786,-125.40045633111488,144.26084893156786,0.0,0.32258064,0.7367717,False
SHEET,S-TCC,S-TCC,223,223,-124.7891407400204,144.95159962270958,-124.7891407400204,144.95159962270958,0.0,0.3267974,0.7426362,False
SHEET,L-CTC,L-CTC,485,485,-111.41998117563674,130.94005393669704,-111.41998117563674,130.94005393669704,0.0,0.35153583,0.80369496,False
SHEET,G-GGT,G-GGT,369,369,-154.6848377560312,170.88039107066868,-154.6848377560312,170.88039107066868,0.0,0.35714287,1.0208011,False
SHEET,F-TTT,F-TTT,703,703,-121.01516069526488,138.27039053887316,-121.01516069526488,138.27039053887316,0.0,0.35714287,0.82772374,False
SHEET,C-TGC,C-TGC,168,168,-122.27022161563306,138.17806004167292,-122.27022161563306,138.17806004167292,0.0,0.38538206,0.72848964,False
SHEET,A-GCA,A-GCA,442,442,-122.14432756885138,144.31195240693788,-122.14432756885138,144.31195240693788,0.0,0.40199336,0.8065259,False
SHEET,A-GCT,A-GCT,468,468,-124.65301506986205,140.1025614629724,-124.65301506986205,140.1025614629724,0.0,0.40199336,0.7701406,False
SHEET,P-CCC,P-CCC,133,133,-69.82525611147213,139.27313061092272,-69.82525611147213,139.27313061092272,0.0,0.40650406,0.54947734,False
SHEET,V-GTT,V-GTT,909,909,-116.65745902366172,130.59981489338202,-116.65745902366172,130.59981489338202,0.0,0.42372882,0.7085688,False
SHEET,L-TTG,L-TTG,470,470,-112.1430454917418,129.4326858283886,-112.1430454917418,129.4326858283886,0.0,0.43103448,0.764357,False
SHEET,D-GAT,D-GAT,446,446,-106.82637160029051,130.7458716585936,-106.82637160029051,130.7458716585936,0.0,0.4347826,0.9647354,False
SHEET,I-ATA,I-ATA,885,885,-113.5061121934554,127.46578259272168,-113.5061121934554,127.46578259272168,0.0,0.4385965,0.70804113,False
SHEET,S-TCA,S-TCA,217,217,-123.4752309097634,146.85327455180288,-123.4752309097634,146.85327455180288,0.0,0.48504984,0.7215236,False
SHEET,M-ATG,M-ATG,572,572,-120.01287141570053,136.68096453787615,-120.01287141570053,136.68096453787615,0.0,0.4854369,0.79273593,False
SHEET,G-GGA,G-GGA,378,378,-148.08380143267237,168.06681758548697,-148.08380143267237,168.06681758548697,0.0,0.5049505,0.991268,False
SHEET,C-TGT,C-TGT,171,171,-121.30238381024225,138.5588294275228,-121.30238381024225,138.5588294275228,0.0,0.5148515,0.8309526,False
SHEET,L-CTA,L-CTA,479,479,-108.91583575042414,130.29837132455268,-108.91583575042414,130.29837132455268,0.0,0.5148515,0.7948435,False
SHEET,G-GGG,G-GGG,372,372,-150.87688435034403,168.71713355674223,-150.87688435034403,168.71713355674223,0.0,0.5346535,1.0164022,False
SHEET,H-CAC,H-CAC,310,310,-118.25947989348822,132.9017798889731,-118.25947989348822,132.9017798889731,0.0,0.5346535,0.8239479,False
SHEET,T-ACG,T-ACG,459,459,-117.0334882582276,141.19311044699165,-117.0334882582276,141.19311044699165,0.0,0.5346535,0.73961395,False
SHEET,S-AGT,S-AGT,191,191,-125.9174470097715,144.99793562603895,-125.9174470097715,144.99793562603895,0.0,0.55445546,0.7009235,False
SHEET,P-CCT,P-CCT,138,138,-68.32322238090546,141.26470448987172,-68.32322238090546,141.26470448987172,0.0,0.57425743,0.49874416,False
SHEET,V-GTG,V-GTT,913,909,-117.52709236916608,131.53974454582416,-116.65745902366172,130.59981489338202,1.2805193896045088,0.5940594,0.74355954,False
SHEET,R-AGG,R-AGG,211,211,-117.60222445003623,134.73190175632132,-117.60222445003623,134.73190175632132,0.0,0.6138614,0.7594951,False
SHEET,Q-CAA,Q-CAA,431,431,-116.66456242039854,135.19206526108343,-116.66456242039854,135.19206526108343,0.0,0.63366336,0.79383683,False
SHEET,T-ACT,T-ACT,481,481,-117.63875230171746,140.83008589260547,-117.63875230171746,140.83008589260547,0.0,0.63366336,0.75491667,False
SHEET,R-CGC,R-CGC,203,203,-119.31578230900902,133.47719600578998,-119.31578230900902,133.47719600578998,0.0,0.6732673,0.6575998,False
SHEET,K-AAA,K-AAA,519,519,-113.15499948898172,134.97949611373429,-113.15499948898172,134.97949611373429,0.0,0.7029703,0.79015833,False
SHEET,V-GTG,V-GTG,913,913,-117.52709236916608,131.53974454582416,-117.52709236916608,131.53974454582416,0.0,0.7029703,0.6796265,False
SHEET,Q-CAG,Q-CAG,426,426,-119.54628753311862,136.10930502510277,-119.54628753311862,136.10930502510277,0.0,0.7326733,0.7913284,False
SHEET,F-TTC,F-TTC,665,665,-119.3730739357671,137.02924954403346,-119.3730739357671,137.02924954403346,0.0,0.7425743,0.78658587,False
SHEET,K-AAG,K-AAG,511,511,-114.42505267457807,135.9699964867912,-114.42505267457807,135.9699964867912,0.0,0.76237625,0.777649,False
SHEET,A-GCC,A-GCC,507,507,-123.49346751484732,141.99918205207987,-123.49346751484732,141.99918205207987,0.0,0.7920792,0.8036358,False
SHEET,H-CAT,H-CAT,309,309,-123.22122983490895,133.93283792532154,-123.22122983490895,133.93283792532154,0.0,0.8019802,0.7718418,False
SHEET,L-CTG,L-CTG,482,482,-109.25647777490018,131.40536740409334,-109.25647777490018,131.40536740409334,0.0,0.8019802,0.7286218,False
SHEET,Y-TAT,Y-TAT,573,573,-122.18062319410083,138.52167319843792,-122.18062319410083,138.52167319843792,0.0,0.8118812,0.8042264,False
SHEET,S-AGC,S-AGC,206,206,-125.46646327925389,148.61389241415705,-125.46646327925389,148.61389241415705,0.0,0.83168316,0.67532516,False
SHEET,G-GGC,G-GGC,363,363,-157.19079318137386,171.72497128229742,-157.19079318137386,171.72497128229742,0.0,0.84158415,0.91795295,False
SHEET,E-GAA,E-GAA,607,607,-115.50400399738665,134.83516055619359,-115.50400399738665,134.83516055619359,0.0,0.84158415,0.81511563,False
SHEET,P-CCA,P-CCA,139,139,-71.15786699967664,141.4027835941327,-71.15786699967664,141.4027835941327,0.0,0.8613861,0.49200436,False
SHEET,P-CCG,P-CCG,158,158,-70.58905567578715,143.58785673226816,-70.58905567578715,143.58785673226816,0.0,0.8811881,0.45051542,False
SHEET,Y-TAC,Y-TAC,585,585,-120.92429185854702,138.19413830697914,-120.92429185854702,138.19413830697914,0.0,0.8910891,0.73817575,False
SHEET,R-AGA,R-AGA,211,211,-115.8303640963082,134.85815097293985,-115.8303640963082,134.85815097293985,0.0,0.8910891,0.6832891,False
SHEET,S-TCG,S-TCG,210,210,-123.73257877731113,145.1508908823122,-123.73257877731113,145.1508908823122,0.0,0.9108911,0.6670935,False
SHEET,I-ATC,I-ATC,906,906,-113.64917050562131,127.41682379675103,-113.64917050562131,127.41682379675103,0.0,0.95049506,0.61324656,False
SHEET,A-GCG,A-GCG,493,493,-122.38104826510569,140.50160843504122,-122.38104826510569,140.50160843504122,0.0,0.97029704,0.7241813,False
SHEET,W-TGG,W-TGG,534,534,-116.92878145825131,138.11977120729603,-116.92878145825131,138.11977120729603,0.0,0.990099,0.71130884,False
SHEET,R-CGG,R-CGG,199,199,-112.79167440627205,136.67017283898755,-112.79167440627205,136.67017283898755,0.0,0.990099,0.62340707,False
TURN,C-TGC,C-TGT,56,46,-82.7738399475231,-6.33295780173817,-89.67634716046794,-3.973085181703275,7.2947655622059555,0.00019996,1.5469441,True
TURN,V-GTA,V-GTG,77,75,-89.7066048984911,-16.008617867243395,-76.37523677078511,-14.335341048900746,13.435967827708502,0.00019996,1.515648,True
TURN,V-GTA,V-GTC,77,91,-89.7066048984911,-16.008617867243395,-84.79819190429899,-14.094521385370792,5.2684232426287725,0.00019996,1.5020181,True
TURN,V-GTC,V-GTT,91,86,-84.79819190429899,-14.094521385370792,-83.42259863564759,-11.921689653775287,2.5716637755716345,0.00019996,1.4941989,True
TURN,V-GTC,V-GTG,91,75,-84.79819190429899,-14.094521385370792,-76.37523677078511,-14.335341048900746,8.426397052805571,0.00019996,1.4829304,True
TURN,I-ATC,I-ATT,77,82,-81.83798791801546,-13.583881928868651,-80.3670656991182,-12.896194577569673,1.6237383000909542,0.00019996,1.4470545,True
TURN,V-GTG,V-GTT,75,86,-76.37523677078511,-14.335341048900746,-83.42259863564759,-11.921689653775287,7.449229645507581,0.00019996,1.4355909,True
TURN,I-ATA,I-ATC,74,77,-83.00391486971498,-12.911420776776923,-81.83798791801546,-13.583881928868651,1.3459530667047275,0.00019996,1.4308165,True
TURN,V-GTA,V-GTT,77,86,-89.7066048984911,-16.008617867243395,-83.42259863564759,-11.921689653775287,7.496113455217849,0.00019996,1.4200686,True
TURN,I-ATA,I-ATT,74,82,-83.00391486971498,-12.911420776776923,-80.3670656991182,-12.896194577569673,2.6368931312473096,0.00019996,1.3826749,True
TURN,R-AGG,R-CGT,117,106,-72.78163519182046,-5.5401175537327285,-69.24693033406881,-0.0884430590155439,6.497298917839852,0.00019996,1.3333359,True
TURN,R-AGA,R-CGT,112,106,-69.09104492664162,-2.5581350823937936,-69.24693033406881,-0.0884430590155439,2.474606827475205,0.00019996,1.3235446,True
TURN,R-CGG,R-CGT,120,106,-64.36949907795187,-4.325254431064186,-69.24693033406881,-0.0884430590155439,6.460642867429458,0.00019996,1.3186711,True
TURN,R-AGG,R-CGC,117,116,-72.78163519182046,-5.5401175537327285,-71.47352419216878,-1.1815661639081418,4.550618046502204,0.00019996,1.3106656,True
TURN,R-AGA,R-CGC,112,116,-69.09104492664162,-2.5581350823937936,-71.47352419216878,-1.1815661639081418,2.7515721756856806,0.00019996,1.3078605,True
TURN,R-AGG,R-CGG,117,120,-72.78163519182046,-5.5401175537327285,-64.36949907795187,-4.325254431064186,8.499407414936163,0.00019996,1.306235,True
TURN,R-AGG,R-CGA,117,97,-72.78163519182046,-5.5401175537327285,-67.4691686968979,-1.9654556624496924,6.403163897376514,0.00019996,1.3034525,True
TURN,R-CGA,R-CGT,97,106,-67.4691686968979,-1.9654556624496924,-69.24693033406881,-0.0884430590155439,2.5852684100586667,0.00019996,1.291756,True
TURN,R-CGC,R-CGG,116,120,-71.47352419216878,-1.1815661639081418,-64.36949907795187,-4.325254431064186,7.768522944838295,0.00019996,1.283778,True
TURN,T-ACC,T-ACG,123,129,-87.848889066896,-11.798590008137793,-88.40979103172663,-9.103200139938478,2.7531323171512065,0.00019996,1.2835886,True
TURN,R-AGA,R-CGA,112,97,-69.09104492664162,-2.5581350823937936,-67.4691686968979,-1.9654556624496924,1.726774854876273,0.00019996,1.2812971,True
TURN,R-CGA,R-CGC,97,116,-67.4691686968979,-1.9654556624496924,-71.47352419216878,-1.1815661639081418,4.080360974035246,0.00019996,1.2809323,True
TURN,R-AGA,R-AGG,112,117,-69.09104492664162,-2.5581350823937936,-72.78163519182046,-5.5401175537327285,4.744752466125655,0.00019996,1.2797099,True
TURN,R-CGA,R-CGG,97,120,-67.4691686968979,-1.9654556624496924,-64.36949907795187,-4.325254431064186,3.8957158488487615,0.00019996,1.2761017,True
TURN,T-ACA,T-ACC,149,123,-86.75492498829175,-6.963428658359952,-87.848889066896,-11.798590008137793,4.95737255848922,0.00019996,1.2753578,True
TURN,R-CGC,R-CGT,116,106,-71.47352419216878,-1.1815661639081418,-69.24693033406881,-0.0884430590155439,2.480451235436514,0.00019996,1.268311,True
TURN,Y-TAC,Y-TAT,160,152,-85.85566911235703,-0.7638608225741345,-84.15777970734025,0.22178031111534693,1.9632414207348403,0.00019996,1.2643776,True
TURN,L-CTG,L-CTT,128,123,-80.53440533378351,-6.152099088271286,-80.38194868131966,-3.741741124986242,2.4151746400730754,0.00019996,1.2494601,True
TURN,T-ACC,T-ACT,123,139,-87.848889066896,-11.798590008137793,-88.6044036117478,-6.680411232364011,5.173640517881371,0.00019996,1.2492801,True
TURN,F-TTC,F-TTT,195,177,-81.30418814381146,-0.39356118290696757,-87.11974588242964,-1.0608982790585844,5.853721090990067,0.00019996,1.2357073,True
TURN,L-CTG,L-TTA,128,118,-80.53440533378351,-6.152099088271286,-80.22518900967869,-6.571199068856446,0.5208258142789931,0.00019996,1.2223109,True
TURN,L-CTA,L-CTT,115,123,-78.5675908905758,-3.459787927840354,-80.38194868131966,-3.741741124986242,1.8361350163355856,0.00019996,1.22124,True
TURN,T-ACG,T-ACT,129,139,-88.40979103172663,-9.103200139938478,-88.6044036117478,-6.680411232364011,2.4305925505868684,0.00019996,1.2201076,True
TURN,H-CAC,H-CAT,203,180,-82.85248274562662,8.172730299496811,-78.07818734597689,7.75810281215754,4.792265906267511,0.00019996,1.1961851,True
TURN,T-ACA,T-ACT,149,139,-86.75492498829175,-6.963428658359952,-88.6044036117478,-6.680411232364011,1.8710077610844544,0.00019996,1.1955495,True
TURN,L-CTG,L-TTG,128,133,-80.53440533378351,-6.152099088271286,-79.73219961576551,-7.980567196066733,1.9967046940511344,0.00019996,1.1943353,True
TURN,L-CTC,L-CTT,129,123,-81.01895261388255,-7.126078941273227,-80.38194868131966,-3.741741124986242,3.443764867822825,0.00019996,1.1900251,True
TURN,T-ACA,T-ACG,149,129,-86.75492498829175,-6.963428658359952,-88.40979103172663,-9.103200139938478,2.705033015526904,0.00019996,1.1897919,True
TURN,L-CTA,L-CTG,115,128,-78.5675908905758,-3.459787927840354,-80.53440533378351,-6.152099088271286,3.3342013194453894,0.00019996,1.1892488,True
TURN,L-CTA,L-CTC,115,129,-78.5675908905758,-3.459787927840354,-81.01895261388255,-7.126078941273227,4.410313378170769,0.00019996,1.1886135,True
TURN,L-CTC,L-TTG,129,133,-81.01895261388255,-7.126078941273227,-79.73219961576551,-7.980567196066733,1.5446305240228968,0.00019996,1.184894,True
TURN,L-TTA,L-TTG,118,133,-80.22518900967869,-6.571199068856446,-79.73219961576551,-7.980567196066733,1.4931031647234292,0.00019996,1.1845274,True
TURN,L-CTA,L-TTG,115,133,-78.5675908905758,-3.459787927840354,-79.73219961576551,-7.980567196066733,4.6683785916325835,0.00019996,1.1639987,True
TURN,L-CTT,L-TTG,123,133,-80.38194868131966,-3.741741124986242,-79.73219961576551,-7.980567196066733,4.288335377399972,0.00019996,1.1574728,True
TURN,L-CTC,L-TTA,129,118,-81.01895261388255,-7.126078941273227,-80.22518900967869,-6.571199068856446,0.96847939171258,0.00019996,1.1569753,True
TURN,S-TCC,S-TCG,136,146,-76.30218106742265,-6.266323756855995,-71.39361097887964,-9.560550460536177,5.911513333265761,0.00019996,1.149257,True
TURN,L-CTC,L-CTG,129,128,-81.01895261388255,-7.126078941273227,-80.53440533378351,-6.152099088271286,1.087852389207775,0.00019996,1.1425359,True
TURN,S-AGT,S-TCC,118,136,-74.14236596883791,-8.330952485393803,-76.30218106742265,-6.266323756855995,2.987891070099161,0.00019996,1.1376393,True
TURN,L-CTT,L-TTA,123,118,-80.38194868131966,-3.741741124986242,-80.22518900967869,-6.571199068856446,2.8337970729717363,0.00019996,1.1373378,True
TURN,L-CTA,L-TTA,115,118,-78.5675908905758,-3.459787927840354,-80.22518900967869,-6.571199068856446,3.525409311398107,0.00019996,1.1328931,True
TURN,S-AGT,S-TCT,118,135,-74.14236596883791,-8.330952485393803,-71.98613671956741,-6.547626805370262,2.7981377836770345,0.00019996,1.1223953,True
TURN,S-AGC,S-AGT,149,118,-73.43430757833936,-8.672507193897692,-74.14236596883791,-8.330952485393803,0.7861337693144609,0.00019996,1.1109273,True
TURN,S-AGT,S-TCA,118,138,-74.14236596883791,-8.330952485393803,-72.8227597608131,-4.869389989029715,3.7045614396972795,0.00019996,1.1031513,True
TURN,S-TCA,S-TCC,138,136,-72.8227597608131,-4.869389989029715,-76.30218106742265,-6.266323756855995,3.7493728249644467,0.00019996,1.0559331,True
TURN,S-TCC,S-TCT,136,135,-76.30218106742265,-6.266323756855995,-71.98613671956741,-6.547626805370262,4.325201754572456,0.00019996,1.0448489,True
TURN,Q-CAA,Q-CAG,328,325,-73.67425895407108,3.257657017090289,-72.7795041727994,-1.0797507751065831,4.428734861607619,0.00019996,1.0358701,True
TURN,K-AAA,K-AAG,359,360,-68.66078399006582,-1.6430757495452621,-67.37223465219708,-0.20938278406004654,1.9276501019126373,0.00019996,1.0042387,True
TURN,A-GCA,A-GCG,276,267,-67.95607922244976,-7.455821691381225,-70.10419420698628,-9.945029492879012,3.2879406116637475,0.00019996,0.9253729,True
TURN,A-GCC,A-GCT,296,296,-67.91960601228189,-8.590025829480618,-68.63857904507412,-8.283947123525776,0.7814130764975954,0.00019996,0.9097697,True
TURN,A-GCA,A-GCC,276,296,-67.95607922244976,-7.455821691381225,-67.91960601228189,-8.590025829480618,1.1347904308469186,0.00019996,0.90393233,True
TURN,A-GCA,A-GCT,276,296,-67.95607922244976,-7.455821691381225,-68.63857904507412,-8.283947123525776,1.0731252206741169,0.00019996,0.9015955,True
TURN,P-CCA,P-CCC,238,259,-63.67010819751008,-3.765003041752013,-63.45253252149933,-4.382233576667725,0.6544560397947855,0.00019996,0.72848594,True
TURN,R-AGA,R-CGG,112,120,-69.09104492664162,-2.5581350823937936,-64.36949907795187,-4.325254431064186,5.041399209914301,0.00039992,1.244053,True
TURN,S-TCA,S-TCT,138,135,-72.8227597608131,-4.869389989029715,-71.98613671956741,-6.547626805370262,1.8752111680725578,0.00039992,0.99903184,True
TURN,S-AGT,S-TCG,118,146,-74.14236596883791,-8.330952485393803,-71.39361097887964,-9.560550460536177,3.011239807005534,0.00059988,1.096418,True
TURN,S-TCG,S-TCT,146,135,-71.39361097887964,-9.560550460536177,-71.98613671956741,-6.547626805370262,3.0706344141294224,0.00059988,1.0782797,True
TURN,S-AGC,S-TCG,149,146,-73.43430757833936,-8.672507193897692,-71.39361097887964,-9.560550460536177,2.2255478998369047,0.00059988,1.0405437,True
TURN,S-AGC,S-TCA,149,138,-73.43430757833936,-8.672507193897692,-72.8227597608131,-4.869389989029715,3.851972378805947,0.00059988,0.98700255,True
TURN,A-GCG,A-GCT,267,296,-70.10419420698628,-9.945029492879012,-68.63857904507412,-8.283947123525776,2.21522514444988,0.00059988,0.9015407,True
TURN,P-CCG,P-CCT,252,272,-62.24659432164187,-3.602863742366019,-64.00522459894759,-4.483915883502174,1.9669858483621516,0.00059988,0.75391376,True
TURN,P-CCA,P-CCT,238,272,-63.67010819751008,-3.765003041752013,-64.00522459894759,-4.483915883502174,0.7931826249645892,0.00059988,0.7373708,True
TURN,S-TCA,S-TCG,138,146,-72.8227597608131,-4.869389989029715,-71.39361097887964,-9.560550460536177,4.904024144549724,0.00079984,1.0469279,True
TURN,S-AGC,S-TCC,149,136,-73.43430757833936,-8.672507193897692,-76.30218106742265,-6.266323756855995,3.743583454670215,0.00079984,1.0138061,True
TURN,S-AGC,S-TCT,149,135,-73.43430757833936,-8.672507193897692,-71.98613671956741,-6.547626805370262,2.5714422999057898,0.0009998,1.003912,True
TURN,A-GCC,A-GCG,296,267,-67.91960601228189,-8.590025829480618,-70.10419420698628,-9.945029492879012,2.5706926125588896,0.00119976,0.93412596,True
TURN,P-CCA,P-CCG,238,252,-63.67010819751008,-3.765003041752013,-62.24659432164187,-3.602863742366019,1.4327180138445623,0.0013997201,0.7202251,True
TURN,E-GAA,E-GAG,448,437,-70.3363318463075,-5.323419130143496,-69.83371188566461,-3.0792981528596304,2.29971863181611,0.0035992803,0.9578016,True
TURN,P-CCC,P-CCT,259,272,-63.45253252149933,-4.382233576667725,-64.00522459894759,-4.483915883502174,0.5619678140225207,0.00379924,0.73114574,True
TURN,P-CCC,P-CCG,259,252,-63.45253252149933,-4.382233576667725,-62.24659432164187,-3.602863742366019,1.4358636009366974,0.00459908,0.7314403,True
TURN,D-GAC,D-GAT,607,573,-73.09321476137809,6.988693101213006,-71.88390244807066,8.419846543667873,1.8736692469503258,0.0065986803,0.94699466,True
TURN,N-AAC,N-AAT,572,532,-43.66739377912916,18.420176663161893,-63.65708985695204,16.827535350613122,20.05304105701089,0.0071985605,0.9479211,True
TURN,G-GGA,G-GGT,691,629,79.86490336114969,1.5647438317706768,80.00371329565185,1.655125057014811,0.16564106916199076,0.00759848,0.9004445,True
TURN,G-GGG,G-GGT,733,629,81.53149000920031,1.5327865505829508,80.00371329565185,1.655125057014811,1.5326670860356097,0.015905475,0.9329728,True
TURN,G-GGC,G-GGG,684,733,80.75505459492076,3.7498844180241897,81.53149000920031,1.5327865505829508,2.3491221565427223,0.020930959,0.9116627,True
TURN,G-GGA,G-GGC,691,684,79.86490336114969,1.5647438317706768,80.75505459492076,3.7498844180241897,2.359493293204396,0.022490628,0.8851593,True
TURN,G-GGC,G-GGT,684,629,80.75505459492076,3.7498844180241897,80.00371329565185,1.655125057014811,2.225428167459808,0.042112775,0.905465,False
TURN,R-CGC,R-CGC,116,116,-71.47352419216878,-1.1815661639081418,-71.47352419216878,-1.1815661639081418,0.0,0.09652928,0.92654794,False
TURN,D-GAT,D-GAT,573,573,-71.88390244807066,8.419846543667873,-71.88390244807066,8.419846543667873,0.0,0.103161395,0.8396211,False
TURN,H-CAC,H-CAC,203,203,-82.85248274562662,8.172730299496811,-82.85248274562662,8.172730299496811,0.0,0.12833333,0.8016196,False
TURN,W-TGG,W-TGG,141,141,-83.04861162764354,-5.013760551289921,-83.04861162764354,-5.013760551289921,0.0,0.14173229,0.8289791,False
TURN,G-GGA,G-GGA,691,691,79.86490336114969,1.5647438317706768,79.86490336114969,1.5647438317706768,0.0,0.1446384,0.78507674,False
TURN,L-TTG,L-TTG,133,133,-79.73219961576551,-7.980567196066733,-79.73219961576551,-7.980567196066733,0.0,0.17507419,0.7953103,False
TURN,S-TCT,S-TCT,135,135,-71.98613671956741,-6.547626805370262,-71.98613671956741,-6.547626805370262,0.0,0.18235295,0.7326671,False
TURN,V-GTT,V-GTT,86,86,-83.42259863564759,-11.921689653775287,-83.42259863564759,-11.921689653775287,0.0,0.18282549,0.92219514,False
TURN,E-GAA,E-GAA,448,448,-70.3363318463075,-5.323419130143496,-70.3363318463075,-5.323419130143496,0.0,0.20630373,0.80064476,False
TURN,A-GCG,A-GCG,267,267,-70.10419420698628,-9.945029492879012,-70.10419420698628,-9.945029492879012,0.0,0.21956088,0.6733524,False
TURN,G-GGA,G-GGG,691,733,79.86490336114969,1.5647438317706768,81.53149000920031,1.5327865505829508,1.666893014947725,0.22194514,0.80986506,False
TURN,V-GTA,V-GTA,77,77,-89.7066048984911,-16.008617867243395,-89.7066048984911,-16.008617867243395,0.0,0.22259136,0.93678945,False
TURN,S-TCG,S-TCG,146,146,-71.39361097887964,-9.560550460536177,-71.39361097887964,-9.560550460536177,0.0,0.22343324,0.73729956,False
TURN,A-GCT,A-GCT,296,296,-68.63857904507412,-8.283947123525776,-68.63857904507412,-8.283947123525776,0.0,0.23214285,0.6423929,False
TURN,N-AAC,N-AAC,572,572,-43.66739377912916,18.420176663161893,-43.66739377912916,18.420176663161893,0.0,0.24223602,0.81434834,False
TURN,I-ATT,I-ATT,82,82,-80.3670656991182,-12.896194577569673,-80.3670656991182,-12.896194577569673,0.0,0.25249168,0.90949214,False
TURN,K-AAG,K-AAG,360,360,-67.37223465219708,-0.20938278406004654,-67.37223465219708,-0.20938278406004654,0.0,0.26578072,0.773087,False
TURN,D-GAC,D-GAC,607,607,-73.09321476137809,6.988693101213006,-73.09321476137809,6.988693101213006,0.0,0.26737967,0.7776938,False
TURN,Q-CAG,Q-CAG,325,325,-72.7795041727994,-1.0797507751065831,-72.7795041727994,-1.0797507751065831,0.0,0.27906978,0.77048475,False
TURN,C-TGT,C-TGT,46,46,-89.67634716046794,-3.973085181703275,-89.67634716046794,-3.973085181703275,0.0,0.3030303,0.93704724,False
TURN,R-CGT,R-CGT,106,106,-69.24693033406881,-0.0884430590155439,-69.24693033406881,-0.0884430590155439,0.0,0.30564785,0.84437,False
TURN,S-AGC,S-AGC,149,149,-73.43430757833936,-8.672507193897692,-73.43430757833936,-8.672507193897692,0.0,0.3125,0.72632474,False
TURN,S-TCC,S-TCC,136,136,-76.30218106742265,-6.266323756855995,-76.30218106742265,-6.266323756855995,0.0,0.3125,0.6622563,False
TURN,E-GAG,E-GAG,437,437,-69.83371188566461,-3.0792981528596304,-69.83371188566461,-3.0792981528596304,0.0,0.3144654,0.7463924,False
TURN,I-ATA,I-ATA,74,74,-83.00391486971498,-12.911420776776923,-83.00391486971498,-12.911420776776923,0.0,0.3255814,0.8780041,False
TURN,F-TTC,F-TTC,195,195,-81.30418814381146,-0.39356118290696757,-81.30418814381146,-0.39356118290696757,0.0,0.35211268,0.76536494,False
TURN,H-CAT,H-CAT,180,180,-78.07818734597689,7.75810281215754,-78.07818734597689,7.75810281215754,0.0,0.3754153,0.74765277,False
TURN,P-CCC,P-CCC,259,259,-63.45253252149933,-4.382233576667725,-63.45253252149933,-4.382233576667725,0.0,0.39370078,0.529667,False
TURN,R-CGG,R-CGG,120,120,-64.36949907795187,-4.325254431064186,-64.36949907795187,-4.325254431064186,0.0,0.42372882,0.8444266,False
TURN,G-GGG,G-GGG,733,733,81.53149000920031,1.5327865505829508,81.53149000920031,1.5327865505829508,0.0,0.44642857,0.77718854,False
TURN,T-ACG,T-ACG,129,129,-88.40979103172663,-9.103200139938478,-88.40979103172663,-9.103200139938478,0.0,0.47619048,0.7574598,False
TURN,G-GGC,G-GGC,684,684,80.75505459492076,3.7498844180241897,80.75505459492076,3.7498844180241897,0.0,0.48076922,0.7658032,False
TURN,G-GGT,G-GGT,629,629,80.00371329565185,1.655125057014811,80.00371329565185,1.655125057014811,0.0,0.5049505,0.7571275,False
TURN,L-CTA,L-CTA,115,115,-78.5675908905758,-3.459787927840354,-78.5675908905758,-3.459787927840354,0.0,0.5346535,0.7578201,False
TURN,P-CCT,P-CCT,272,272,-64.00522459894759,-4.483915883502174,-64.00522459894759,-4.483915883502174,0.0,0.5445545,0.49144644,False
TURN,R-AGA,R-AGA,112,112,-69.09104492664162,-2.5581350823937936,-69.09104492664162,-2.5581350823937936,0.0,0.55445546,0.8064448,False
TURN,T-ACT,T-ACT,139,139,-88.6044036117478,-6.680411232364011,-88.6044036117478,-6.680411232364011,0.0,0.55445546,0.7451286,False
TURN,A-GCA,A-GCA,276,276,-67.95607922244976,-7.455821691381225,-67.95607922244976,-7.455821691381225,0.0,0.56435645,0.6077178,False
TURN,I-ATC,I-ATC,77,77,-81.83798791801546,-13.583881928868651,-81.83798791801546,-13.583881928868651,0.0,0.57425743,0.7801102,False
TURN,R-AGG,R-AGG,117,117,-72.78163519182046,-5.5401175537327285,-72.78163519182046,-5.5401175537327285,0.0,0.62376237,0.839819,False
TURN,S-TCA,S-TCA,138,138,-72.8227597608131,-4.869389989029715,-72.8227597608131,-4.869389989029715,0.0,0.63366336,0.6203439,False
TURN,R-CGA,R-CGA,97,97,-67.4691686968979,-1.9654556624496924,-67.4691686968979,-1.9654556624496924,0.0,0.6732673,0.776263,False
TURN,Y-TAT,Y-TAT,152,152,-84.15777970734025,0.22178031111534693,-84.15777970734025,0.22178031111534693,0.0,0.6732673,0.7429031,False
TURN,L-CTT,L-CTT,123,123,-80.38194868131966,-3.741741124986242,-80.38194868131966,-3.741741124986242,0.0,0.6831683,0.68182296,False
TURN,L-TTA,L-TTA,118,118,-80.22518900967869,-6.571199068856446,-80.22518900967869,-6.571199068856446,0.0,0.6930693,0.71705884,False
TURN,F-TTT,F-TTT,177,177,-87.11974588242964,-1.0608982790585844,-87.11974588242964,-1.0608982790585844,0.0,0.7029703,0.7490691,False
TURN,V-GTC,V-GTC,91,91,-84.79819190429899,-14.094521385370792,-84.79819190429899,-14.094521385370792,0.0,0.7227723,0.8843725,False
TURN,C-TGC,C-TGC,56,56,-82.7738399475231,-6.33295780173817,-82.7738399475231,-6.33295780173817,0.0,0.77227724,0.87503177,False
TURN,N-AAT,N-AAT,532,532,-63.65708985695204,16.827535350613122,-63.65708985695204,16.827535350613122,0.0,0.8118812,0.7124664,False
TURN,P-CCA,P-CCA,238,238,-63.67010819751008,-3.765003041752013,-63.67010819751008,-3.765003041752013,0.0,0.8118812,0.47279373,False
TURN,Q-CAA,Q-CAA,328,328,-73.67425895407108,3.257657017090289,-73.67425895407108,3.257657017090289,0.0,0.85148513,0.68801117,False
TURN,L-CTC,L-CTC,129,129,-81.01895261388255,-7.126078941273227,-81.01895261388255,-7.126078941273227,0.0,0.8712871,0.63389313,False
TURN,P-CCG,P-CCG,252,252,-62.24659432164187,-3.602863742366019,-62.24659432164187,-3.602863742366019,0.0,0.8712871,0.4710763,False
TURN,K-AAA,K-AAA,359,359,-68.66078399006582,-1.6430757495452621,-68.66078399006582,-1.6430757495452621,0.0,0.9009901,0.6882677,False
TURN,T-ACA,T-ACA,149,149,-86.75492498829175,-6.963428658359952,-86.75492498829175,-6.963428658359952,0.0,0.9009901,0.6654725,False
TURN,A-GCC,A-GCC,296,296,-67.91960601228189,-8.590025829480618,-67.91960601228189,-8.590025829480618,0.0,0.9009901,0.5700867,False
TURN,L-CTG,L-CTG,128,128,-80.53440533378351,-6.152099088271286,-80.53440533378351,-6.152099088271286,0.0,0.9207921,0.64180773,False
TURN,V-GTG,V-GTG,75,75,-76.37523677078511,-14.335341048900746,-76.37523677078511,-14.335341048900746,0.0,0.9405941,0.7065895,False
TURN,T-ACC,T-ACC,123,123,-87.848889066896,-11.798590008137793,-87.848889066896,-11.798590008137793,0.0,0.96039605,0.68876195,False
TURN,Y-TAC,Y-TAC,160,160,-85.85566911235703,-0.7638608225741345,-85.85566911235703,-0.7638608225741345,0.0,0.96039605,0.66047823,False
TURN,S-AGT,S-AGT,118,118,-74.14236596883791,-8.330952485393803,-74.14236596883791,-8.330952485393803,0.0,0.96039605,0.637264,False
TURN,M-ATG,M-ATG,184,184,-75.6848480796694,0.8996426353964607,-75.6848480796694,0.8996426353964607,0.0,0.96039605,0.59474194,False
